ISO-10303-21;
HEADER;
/* Generated by software containing ST-Developer
 * from STEP Tools, Inc. (www.steptools.com) 
 */
/* OPTION: strings as raw bytes, not using required /X/ escapes */

FILE_DESCRIPTION(
/* description */ ('Unknown'),
/* implementation_level */ '2;1');

FILE_NAME(
/* name */ 'ÂùóÂèå',
/* time_stamp */ '2025-06-19T16:30:25+08:00',
/* author */ ('Unknown'),
/* organization */ ('Unknown'),
/* preprocessor_version */ 'ST-DEVELOPER v16.7',
/* originating_system */ 'DEX',
/* authorisation */ $);

FILE_SCHEMA (('AUTOMOTIVE_DESIGN {1 0 10303 214 3 1 1}'));
ENDSEC;

DATA;
#10=PROPERTY_DEFINITION_REPRESENTATION(#14,#12);
#11=PROPERTY_DEFINITION_REPRESENTATION(#15,#13);
#12=REPRESENTATION('',(#16),#1617);
#13=REPRESENTATION('',(#17),#1617);
#14=PROPERTY_DEFINITION('pmi validation property','',#1622);
#15=PROPERTY_DEFINITION('pmi validation property','',#1622);
#16=VALUE_REPRESENTATION_ITEM('number of annotations',COUNT_MEASURE(0.));
#17=VALUE_REPRESENTATION_ITEM('number of views',COUNT_MEASURE(0.));
#18=SHAPE_REPRESENTATION_RELATIONSHIP('','',#694,#19);
#19=ADVANCED_BREP_SHAPE_REPRESENTATION('',(#692),#1617);
#20=PLANE('',#729);
#21=PLANE('',#737);
#22=PLANE('',#747);
#23=SPHERICAL_SURFACE('',#714,3.3);
#24=B_SPLINE_SURFACE_WITH_KNOTS('',3,3,((#1265,#1266,#1267,#1268,#1269,
#1270,#1271,#1272,#1273,#1274,#1275),(#1276,#1277,#1278,#1279,#1280,#1281,
#1282,#1283,#1284,#1285,#1286),(#1287,#1288,#1289,#1290,#1291,#1292,#1293,
#1294,#1295,#1296,#1297),(#1298,#1299,#1300,#1301,#1302,#1303,#1304,#1305,
#1306,#1307,#1308)),.UNSPECIFIED.,.F.,.T.,.F.,(4,4),(1,1,1,1,1,1,1,1,1,
1,1,1,1,1,1),(-0.00831487370316074,1.),(0.624980837246976,0.749980837246976,
0.874980837246976,0.999980837246976,1.12498083724698,1.24998083724698,1.37498083724698,
1.49998083724698,1.62498083724698,1.74998083724698,1.87498083724698,1.99998083724698,
2.12498083724698,2.24998083724698,2.37498083724698),.UNSPECIFIED.);
#25=B_SPLINE_SURFACE_WITH_KNOTS('',3,3,((#1375,#1376,#1377,#1378,#1379,
#1380,#1381,#1382,#1383,#1384,#1385),(#1386,#1387,#1388,#1389,#1390,#1391,
#1392,#1393,#1394,#1395,#1396),(#1397,#1398,#1399,#1400,#1401,#1402,#1403,
#1404,#1405,#1406,#1407),(#1408,#1409,#1410,#1411,#1412,#1413,#1414,#1415,
#1416,#1417,#1418)),.UNSPECIFIED.,.F.,.T.,.F.,(4,4),(1,1,1,1,1,1,1,1,1,
1,1,1,1,1,1),(-0.00831487370315581,1.),(0.624980837246976,0.749980837246976,
0.874980837246976,0.999980837246976,1.12498083724698,1.24998083724698,1.37498083724698,
1.49998083724698,1.62498083724698,1.74998083724698,1.87498083724698,1.99998083724698,
2.12498083724698,2.24998083724698,2.37498083724698),.UNSPECIFIED.);
#26=B_SPLINE_SURFACE_WITH_KNOTS('',3,3,((#1419,#1420,#1421,#1422,#1423,
#1424,#1425,#1426,#1427,#1428,#1429),(#1430,#1431,#1432,#1433,#1434,#1435,
#1436,#1437,#1438,#1439,#1440),(#1441,#1442,#1443,#1444,#1445,#1446,#1447,
#1448,#1449,#1450,#1451),(#1452,#1453,#1454,#1455,#1456,#1457,#1458,#1459,
#1460,#1461,#1462)),.UNSPECIFIED.,.F.,.T.,.F.,(4,4),(1,1,1,1,1,1,1,1,1,
1,1,1,1,1,1),(0.,1.00724588573304),(0.624985471782856,0.749985471782856,
0.874985471782856,0.999985471782856,1.12498547178286,1.24998547178286,1.37498547178286,
1.49998547178286,1.62498547178286,1.74998547178286,1.87498547178286,1.99998547178286,
2.12498547178286,2.24998547178286,2.37498547178286),.UNSPECIFIED.);
#27=CONICAL_SURFACE('',#701,3.13367718343,0.174532925199);
#28=CONICAL_SURFACE('',#710,3.13367718343,0.174532925199);
#29=CONICAL_SURFACE('',#719,2.4,1.0471975511966);
#30=LINE('',#959,#54);
#31=LINE('',#979,#55);
#32=LINE('',#1098,#56);
#33=LINE('',#1108,#57);
#34=LINE('',#1109,#58);
#35=LINE('',#1110,#59);
#36=LINE('',#1141,#60);
#37=LINE('',#1160,#61);
#38=LINE('',#1369,#62);
#39=LINE('',#1370,#63);
#40=LINE('',#1371,#64);
#41=LINE('',#1372,#65);
#42=LINE('',#1489,#66);
#43=LINE('',#1494,#67);
#44=LINE('',#1570,#68);
#45=LINE('',#1574,#69);
#46=LINE('',#1576,#70);
#47=LINE('',#1580,#71);
#48=LINE('',#1582,#72);
#49=LINE('',#1586,#73);
#50=LINE('',#1588,#74);
#51=LINE('',#1592,#75);
#52=LINE('',#1610,#76);
#53=LINE('',#1612,#77);
#54=VECTOR('',#758,1000.);
#55=VECTOR('',#759,1000.);
#56=VECTOR('',#766,1000.);
#57=VECTOR('',#767,1000.);
#58=VECTOR('',#768,1000.);
#59=VECTOR('',#769,1000.);
#60=VECTOR('',#774,1000.);
#61=VECTOR('',#777,1000.);
#62=VECTOR('',#790,1000.);
#63=VECTOR('',#791,1000.);
#64=VECTOR('',#792,1000.);
#65=VECTOR('',#793,1000.);
#66=VECTOR('',#806,1000.);
#67=VECTOR('',#809,1000.);
#68=VECTOR('',#816,1000.);
#69=VECTOR('',#819,1000.);
#70=VECTOR('',#822,1000.);
#71=VECTOR('',#825,1000.);
#72=VECTOR('',#828,1000.);
#73=VECTOR('',#831,1000.);
#74=VECTOR('',#834,1000.);
#75=VECTOR('',#837,1000.);
#76=VECTOR('',#868,1000.);
#77=VECTOR('',#871,1000.);
#78=B_SPLINE_CURVE_WITH_KNOTS('',3,(#882,#883,#884,#885,#886,#887,#888,
#889,#890,#891,#892),.UNSPECIFIED.,.T.,.F.,(1,1,1,1,1,1,1,1,1,1,1,1,1,1,
1),(-0.00589034537130822,-0.00392689691420548,-0.00196344845710274,0.,0.00196344845710274,
0.00392689691420548,0.00589034537130822,0.00785379382841096,0.0098172422855137,
0.0117806907426164,0.0137441391997192,0.0157075876568219,0.0176710361139247,
0.0196344845710274,0.0215979330281301),.UNSPECIFIED.);
#79=B_SPLINE_CURVE_WITH_KNOTS('',3,(#895,#896,#897,#898,#899,#900,#901),
 .UNSPECIFIED.,.F.,.F.,(4,1,1,1,4),(0.,0.00137036781790261,0.00274073563580521,
0.00411110345370782,0.00548147127161043),.UNSPECIFIED.);
#80=B_SPLINE_CURVE_WITH_KNOTS('',3,(#904,#905,#906,#907,#908,#909,#910,
#911,#912,#913,#914,#915,#916),.UNSPECIFIED.,.F.,.F.,(4,1,1,1,1,1,1,1,1,
1,4),(-0.0121813481522459,-0.0102803919005024,-0.00837943564875884,-0.00647847939701529,
-0.00552800127114352,-0.00457752314527175,-0.00362704501939998,-0.00267656689352821,
-0.000775610641784666,0.00112534560995888,0.00302630186170242),
 .UNSPECIFIED.);
#81=B_SPLINE_CURVE_WITH_KNOTS('',3,(#917,#918,#919,#920,#921,#922,#923),
 .UNSPECIFIED.,.F.,.F.,(4,1,1,1,4),(0.,0.00137036781790261,0.00274073563580521,
0.00411110345370782,0.00548147127161043),.UNSPECIFIED.);
#82=B_SPLINE_CURVE_WITH_KNOTS('',3,(#926,#927,#928,#929,#930,#931,#932,
#933,#934,#935,#936,#937,#938),.UNSPECIFIED.,.F.,.F.,(4,1,1,1,1,1,1,1,1,
1,4),(-0.0121813481522459,-0.0102803919005024,-0.00837943564875884,-0.00647847939701529,
-0.00552800127114352,-0.00457752314527175,-0.00362704501939998,-0.00267656689352821,
-0.000775610641784666,0.00112534560995888,0.00302630186170242),
 .UNSPECIFIED.);
#83=B_SPLINE_CURVE_WITH_KNOTS('',3,(#940,#941,#942,#943),.UNSPECIFIED.,
 .F.,.F.,(4,4),(0.,0.674007653398),.UNSPECIFIED.);
#84=B_SPLINE_CURVE_WITH_KNOTS('',3,(#946,#947,#948,#949,#950,#951,#952),
 .UNSPECIFIED.,.F.,.F.,(4,1,1,1,4),(0.,0.00243104013577003,0.00486208027154006,
0.00729312040731009,0.00972416054308012),.UNSPECIFIED.);
#85=B_SPLINE_CURVE_WITH_KNOTS('',3,(#954,#955,#956,#957),.UNSPECIFIED.,
 .F.,.F.,(4,4),(0.,1.14327436252),.UNSPECIFIED.);
#86=B_SPLINE_CURVE_WITH_KNOTS('',3,(#961,#962,#963,#964),.UNSPECIFIED.,
 .F.,.F.,(4,4),(0.,1.14327436252),.UNSPECIFIED.);
#87=B_SPLINE_CURVE_WITH_KNOTS('',3,(#966,#967,#968,#969,#970,#971,#972),
 .UNSPECIFIED.,.F.,.F.,(4,1,1,1,4),(0.,0.00243104013577003,0.00486208027154006,
0.00729312040731009,0.00972416054308012),.UNSPECIFIED.);
#88=B_SPLINE_CURVE_WITH_KNOTS('',3,(#974,#975,#976,#977),.UNSPECIFIED.,
 .F.,.F.,(4,4),(0.,0.674007653398),.UNSPECIFIED.);
#89=B_SPLINE_CURVE_WITH_KNOTS('',3,(#980,#981,#982,#983,#984,#985,#986,
#987,#988,#989,#990),.UNSPECIFIED.,.T.,.F.,(1,1,1,1,1,1,1,1,1,1,1,1,1,1,
1),(-0.0058903453713081,-0.00392689691420538,-0.00196344845710266,5.5517927081296E-17,
0.00196344845710277,0.00392689691420549,0.00589034537130821,0.00785379382841093,
0.00981724228551365,0.0117806907426164,0.0137441391997191,0.0157075876568218,
0.0176710361139245,0.0196344845710272,0.02159793302813),.UNSPECIFIED.);
#90=B_SPLINE_CURVE_WITH_KNOTS('',3,(#993,#994,#995,#996,#997,#998,#999,
#1000,#1001),.UNSPECIFIED.,.F.,.F.,(4,1,1,1,1,1,4),(0.,0.00140778054384709,
0.00211167081577063,0.00281556108769418,0.00351945135961772,0.00422334163154126,
0.00563112217538835),.UNSPECIFIED.);
#91=B_SPLINE_CURVE_WITH_KNOTS('',3,(#1004,#1005,#1006,#1007,#1008,#1009,
#1010,#1011,#1012,#1013,#1014,#1015,#1016),.UNSPECIFIED.,.F.,.F.,(4,1,1,
1,1,1,1,1,1,1,4),(-0.0104330926457439,-0.00884146124708675,-0.00724982984842963,
-0.0056581984497725,-0.00486238275044394,-0.00406656705111538,-0.00327075135178681,
-0.00247493565245825,-0.000883304253801124,0.000708327144856001,0.00229995854351313),
 .UNSPECIFIED.);
#92=B_SPLINE_CURVE_WITH_KNOTS('',3,(#1017,#1018,#1019,#1020,#1021,#1022,
#1023,#1024,#1025),.UNSPECIFIED.,.F.,.F.,(4,1,1,1,1,1,4),(0.,0.00140778054384709,
0.00211167081577063,0.00281556108769418,0.00351945135961772,0.00422334163154126,
0.00563112217538835),.UNSPECIFIED.);
#93=B_SPLINE_CURVE_WITH_KNOTS('',3,(#1028,#1029,#1030,#1031,#1032,#1033,
#1034,#1035,#1036,#1037,#1038,#1039,#1040),.UNSPECIFIED.,.F.,.F.,(4,1,1,
1,1,1,1,1,1,1,4),(-0.0104330926457439,-0.00884146124708675,-0.00724982984842963,
-0.0056581984497725,-0.00486238275044394,-0.00406656705111538,-0.00327075135178681,
-0.00247493565245825,-0.000883304253801124,0.000708327144856001,0.00229995854351313),
 .UNSPECIFIED.);
#94=B_SPLINE_CURVE_WITH_KNOTS('',3,(#1042,#1043,#1044,#1045,#1046,#1047,
#1048,#1049,#1050,#1051,#1052,#1053,#1054,#1055,#1056,#1057,#1058,#1059,
#1060,#1061,#1062,#1063,#1064,#1065,#1066,#1067,#1068,#1069,#1070,#1071,
#1072,#1073,#1074,#1075,#1076,#1077,#1078,#1079,#1080,#1081,#1082,#1083,
#1084,#1085,#1086,#1087,#1088,#1089,#1090,#1091,#1092,#1093,#1094,#1095),
 .UNSPECIFIED.,.T.,.F.,(1,1,1,1,1,1,1,1,1,1,1,1,1,1,1,1,1,1,1,1,1,1,1,1,
1,1,1,1,1,1,1,1,1,1,1,1,1,1,1,1,1,1,1,1,1,1,1,1,1,1,1,1,1,1,1,1,1,1),(-0.115124401212769,
-0.0986780581823732,-0.0657853721215821,0.,0.0296875,0.059375,0.0890625,
0.10390625,0.11875,0.12654296875,0.1343359375,0.149921875,0.18109375,0.212265625,
0.2278515625,0.2434375,0.2512490234375,0.259060546875,0.27468359375,0.3059296875,
0.33717578125,0.368421875,0.3996716796875,0.430921484375,0.4621712890625,
0.47779619140625,0.49342109375,0.501624213867187,0.509827333984375,0.52623357421875,
0.542639814453125,0.550842934570312,0.5590460546875,0.566878085693359,0.574710116699219,
0.590374178710937,0.606038240722656,0.621702302734375,0.652173005834961,
0.682643708935547,0.713114412036133,0.728349763586426,0.743585115136719,
0.751387873925476,0.759190632714233,0.774796150291748,0.806007185446777,
0.837218220601807,0.852823738179321,0.868429255756836,0.876652427272034,
0.884875598787231,0.901321941817627,0.934214627878418,1.,1.0296875,1.059375,
1.0890625),.UNSPECIFIED.);
#95=B_SPLINE_CURVE_WITH_KNOTS('',3,(#1100,#1101,#1102,#1103,#1104,#1105,
#1106),.UNSPECIFIED.,.F.,.F.,(4,1,1,1,4),(-0.00295394222505672,-0.000540885656181804,
0.00187217091269311,0.00428522748156803,0.00669828405044294),
 .UNSPECIFIED.);
#96=B_SPLINE_CURVE_WITH_KNOTS('',3,(#1112,#1113,#1114,#1115,#1116,#1117,
#1118,#1119,#1120,#1121,#1122),.UNSPECIFIED.,.F.,.F.,(4,1,1,1,1,1,1,1,4),
(0.,0.0019486752820961,0.0038973505641922,0.0058460258462883,0.0077947011283844,
0.0097433764104805,0.0116920516925766,0.0136407269746727,0.0155894022567688),
 .UNSPECIFIED.);
#97=B_SPLINE_CURVE_WITH_KNOTS('',3,(#1124,#1125,#1126,#1127),
 .UNSPECIFIED.,.F.,.F.,(4,4),(0.,0.001551890019442),.UNSPECIFIED.);
#98=B_SPLINE_CURVE_WITH_KNOTS('',3,(#1129,#1130,#1131,#1132,#1133,#1134,
#1135,#1136,#1137,#1138,#1139),.UNSPECIFIED.,.F.,.F.,(4,1,1,1,1,1,1,1,4),
(0.,0.00194867528209611,0.00389735056419221,0.00584602584628832,0.00779470112838442,
0.00974337641048053,0.0116920516925766,0.0136407269746727,0.0155894022567688),
 .UNSPECIFIED.);
#99=B_SPLINE_CURVE_WITH_KNOTS('',3,(#1143,#1144,#1145,#1146,#1147,#1148,
#1149,#1150,#1151,#1152,#1153),.UNSPECIFIED.,.F.,.F.,(4,1,1,1,1,1,1,1,4),
(1.38778555702848E-16,0.00139662427650432,0.0027932485530085,0.00418987282951269,
0.00558649710601687,0.00698312138252105,0.00837974565902523,0.00977636993552941,
0.0111729942120336),.UNSPECIFIED.);
#100=B_SPLINE_CURVE_WITH_KNOTS('',3,(#1155,#1156,#1157,#1158),
 .UNSPECIFIED.,.F.,.F.,(4,4),(0.,0.728852551181),.UNSPECIFIED.);
#101=B_SPLINE_CURVE_WITH_KNOTS('',3,(#1162,#1163,#1164,#1165),
 .UNSPECIFIED.,.F.,.F.,(4,4),(0.,0.728852551181),.UNSPECIFIED.);
#102=B_SPLINE_CURVE_WITH_KNOTS('',3,(#1167,#1168,#1169,#1170,#1171,#1172,
#1173,#1174,#1175,#1176,#1177),.UNSPECIFIED.,.F.,.F.,(4,1,1,1,1,1,1,1,4),
(1.38778555702848E-16,0.00139662427650432,0.0027932485530085,0.00418987282951267,
0.00558649710601685,0.00698312138252103,0.00837974565902521,0.00977636993552939,
0.0111729942120336),.UNSPECIFIED.);
#103=B_SPLINE_CURVE_WITH_KNOTS('',3,(#1179,#1180,#1181,#1182),
 .UNSPECIFIED.,.F.,.F.,(4,4),(0.,0.00177477391855783),.UNSPECIFIED.);
#104=B_SPLINE_CURVE_WITH_KNOTS('',3,(#1184,#1185,#1186,#1187),
 .UNSPECIFIED.,.F.,.F.,(4,4),(0.,1.),.UNSPECIFIED.);
#105=B_SPLINE_CURVE_WITH_KNOTS('',3,(#1190,#1191,#1192,#1193),
 .UNSPECIFIED.,.F.,.F.,(4,4),(0.,1.),.UNSPECIFIED.);
#106=B_SPLINE_CURVE_WITH_KNOTS('',3,(#1195,#1196,#1197,#1198),
 .UNSPECIFIED.,.F.,.F.,(4,4),(0.,1.),.UNSPECIFIED.);
#107=B_SPLINE_CURVE_WITH_KNOTS('',3,(#1200,#1201,#1202,#1203),
 .UNSPECIFIED.,.F.,.F.,(4,4),(0.,1.),.UNSPECIFIED.);
#108=B_SPLINE_CURVE_WITH_KNOTS('',3,(#1205,#1206,#1207,#1208),
 .UNSPECIFIED.,.F.,.F.,(4,4),(0.,1.),.UNSPECIFIED.);
#109=B_SPLINE_CURVE_WITH_KNOTS('',3,(#1210,#1211,#1212,#1213),
 .UNSPECIFIED.,.F.,.F.,(4,4),(0.,1.),.UNSPECIFIED.);
#110=B_SPLINE_CURVE_WITH_KNOTS('',3,(#1215,#1216,#1217,#1218),
 .UNSPECIFIED.,.F.,.F.,(4,4),(0.,1.),.UNSPECIFIED.);
#111=B_SPLINE_CURVE_WITH_KNOTS('',3,(#1220,#1221,#1222,#1223),
 .UNSPECIFIED.,.F.,.F.,(4,4),(0.,1.),.UNSPECIFIED.);
#112=B_SPLINE_CURVE_WITH_KNOTS('',3,(#1224,#1225,#1226,#1227),
 .UNSPECIFIED.,.F.,.F.,(4,4),(0.,0.001551890019442),.UNSPECIFIED.);
#113=B_SPLINE_CURVE_WITH_KNOTS('',3,(#1229,#1230,#1231,#1232,#1233,#1234,
#1235),.UNSPECIFIED.,.F.,.F.,(4,1,1,1,4),(-0.00295394222505672,-0.000540885656181804,
0.00187217091269311,0.00428522748156803,0.00669828405044294),
 .UNSPECIFIED.);
#114=B_SPLINE_CURVE_WITH_KNOTS('',3,(#1237,#1238,#1239,#1240),
 .UNSPECIFIED.,.F.,.F.,(4,4),(0.,0.00177477391855784),.UNSPECIFIED.);
#115=B_SPLINE_CURVE_WITH_KNOTS('',3,(#1241,#1242,#1243,#1244,#1245,#1246,
#1247,#1248,#1249,#1250,#1251),.UNSPECIFIED.,.T.,.F.,(1,1,1,1,1,1,1,1,1,
1,1,1,1,1,1),(-0.00766821673705322,-0.00511214449136881,-0.00255607224568441,
0.,0.00255607224568441,0.00511214449136881,0.00766821673705322,0.0102242889827376,
0.012780361228422,0.0153364334741064,0.0178925057197908,0.0204485779654753,
0.0230046502111597,0.0255607224568441,0.0281167947025285),.UNSPECIFIED.);
#116=B_SPLINE_CURVE_WITH_KNOTS('',3,(#1253,#1254,#1255,#1256,#1257,#1258,
#1259,#1260,#1261,#1262,#1263),.UNSPECIFIED.,.T.,.F.,(1,1,1,1,1,1,1,1,1,
1,1,1,1,1,1),(-0.00766821673705307,-0.00511214449136867,-0.00255607224568428,
1.14446565408047E-16,0.00255607224568451,0.0051121444913689,0.0076682167370533,
0.0102242889827377,0.0127803612284221,0.0153364334741065,0.0178925057197909,
0.0204485779654753,0.0230046502111597,0.0255607224568441,0.0281167947025285),
 .UNSPECIFIED.);
#117=B_SPLINE_CURVE_WITH_KNOTS('',3,(#1313,#1314,#1315,#1316,#1317,#1318,
#1319,#1320,#1321,#1322,#1323,#1324,#1325,#1326,#1327,#1328,#1329,#1330,
#1331,#1332,#1333,#1334,#1335,#1336,#1337,#1338,#1339,#1340,#1341,#1342,
#1343,#1344,#1345,#1346,#1347,#1348,#1349,#1350,#1351,#1352,#1353,#1354,
#1355,#1356,#1357,#1358,#1359,#1360,#1361,#1362,#1363,#1364,#1365,#1366),
 .UNSPECIFIED.,.T.,.F.,(1,1,1,1,1,1,1,1,1,1,1,1,1,1,1,1,1,1,1,1,1,1,1,1,
1,1,1,1,1,1,1,1,1,1,1,1,1,1,1,1,1,1,1,1,1,1,1,1,1,1,1,1,1,1,1,1,1,1),(-0.115124401212769,
-0.0986780581823732,-0.0657853721215821,0.,0.0296875,0.059375,0.0890625,
0.10390625,0.11875,0.12654296875,0.1343359375,0.149921875,0.18109375,0.212265625,
0.2278515625,0.2434375,0.2512490234375,0.259060546875,0.27468359375,0.3059296875,
0.33717578125,0.368421875,0.3996716796875,0.430921484375,0.4621712890625,
0.47779619140625,0.49342109375,0.501624213867187,0.509827333984375,0.52623357421875,
0.542639814453125,0.550842934570312,0.5590460546875,0.566878085693359,0.574710116699219,
0.590374178710937,0.606038240722656,0.621702302734375,0.652173005834961,
0.682643708935547,0.713114412036133,0.728349763586426,0.743585115136719,
0.751387873925476,0.759190632714233,0.774796150291748,0.806007185446777,
0.837218220601807,0.852823738179321,0.868429255756836,0.876652427272034,
0.884875598787231,0.901321941817627,0.934214627878418,1.,1.0296875,1.059375,
1.0890625),.UNSPECIFIED.);
#118=B_SPLINE_CURVE_WITH_KNOTS('',3,(#1463,#1464,#1465,#1466,#1467,#1468,
#1469,#1470,#1471,#1472,#1473),.UNSPECIFIED.,.F.,.F.,(4,1,1,1,1,1,1,1,4),
(4.2872558239945E-7,0.00160059128953102,0.00320075385347964,0.00480091641742826,
0.00640107898137688,0.0080012415453255,0.00960140410927412,0.0112015666732227,
0.0128017292371714),.UNSPECIFIED.);
#119=B_SPLINE_CURVE_WITH_KNOTS('',3,(#1476,#1477,#1478,#1479,#1480,#1481,
#1482),.UNSPECIFIED.,.F.,.F.,(4,1,1,1,4),(0.,0.00197187184282438,0.00394374368564876,
0.00591561552847314,0.00788748737129753),.UNSPECIFIED.);
#120=B_SPLINE_CURVE_WITH_KNOTS('',3,(#1496,#1497,#1498,#1499,#1500),
 .UNSPECIFIED.,.F.,.F.,(4,1,4),(2.29240889328332E-7,0.00054195128628125,
0.00108367333167317),.UNSPECIFIED.);
#121=B_SPLINE_CURVE_WITH_KNOTS('',3,(#1504,#1505,#1506,#1507,#1508),
 .UNSPECIFIED.,.F.,.F.,(4,1,4),(2.30576672432198E-7,0.000541951872218271,
0.00108367316776411),.UNSPECIFIED.);
#122=B_SPLINE_CURVE_WITH_KNOTS('',3,(#1511,#1512,#1513,#1514,#1515),
 .UNSPECIFIED.,.F.,.F.,(4,1,4),(2.30956524723727E-7,0.000749544881302931,
0.00149885880608114),.UNSPECIFIED.);
#123=B_SPLINE_CURVE_WITH_KNOTS('',3,(#1517,#1518,#1519,#1520,#1521),
 .UNSPECIFIED.,.F.,.F.,(4,1,4),(2.29240889107838E-7,0.000541951286281218,
0.00108367333167333),.UNSPECIFIED.);
#124=B_SPLINE_CURVE_WITH_KNOTS('',3,(#1523,#1524,#1525,#1526,#1527),
 .UNSPECIFIED.,.F.,.F.,(4,1,4),(3.18047982443874E-7,0.000749631839480432,
0.00149894563097842),.UNSPECIFIED.);
#125=B_SPLINE_CURVE_WITH_KNOTS('',3,(#1529,#1530,#1531,#1532,#1533),
 .UNSPECIFIED.,.F.,.F.,(4,1,4),(3.10724964362733E-7,0.000542032425809196,
0.00108375412665403),.UNSPECIFIED.);
#126=B_SPLINE_CURVE_WITH_KNOTS('',3,(#1535,#1536,#1537,#1538,#1539),
 .UNSPECIFIED.,.F.,.F.,(4,1,4),(2.29600534815146E-7,0.000749543530806197,
0.00149885746107758),.UNSPECIFIED.);
#127=B_SPLINE_CURVE_WITH_KNOTS('',3,(#1541,#1542,#1543,#1544,#1545),
 .UNSPECIFIED.,.F.,.F.,(4,1,4),(2.30576672849694E-7,0.000541951872218009,
0.00108367316776317),.UNSPECIFIED.);
#128=B_SPLINE_CURVE_WITH_KNOTS('',3,(#1547,#1548,#1549,#1550,#1551),
 .UNSPECIFIED.,.F.,.F.,(4,1,4),(2.30956524535893E-7,0.000749544881302848,
0.00149885880608116),.UNSPECIFIED.);
#129=B_SPLINE_CURVE_WITH_KNOTS('',3,(#1552,#1553,#1554,#1555,#1556),
 .UNSPECIFIED.,.F.,.F.,(4,1,4),(3.18047982607406E-7,0.000749631839480688,
0.00149894563097877),.UNSPECIFIED.);
#130=B_SPLINE_CURVE_WITH_KNOTS('',3,(#1558,#1559,#1560,#1561,#1562),
 .UNSPECIFIED.,.F.,.F.,(4,1,4),(3.10724964551924E-7,0.000542032425809889,
0.00108375412665523),.UNSPECIFIED.);
#131=B_SPLINE_CURVE_WITH_KNOTS('',3,(#1564,#1565,#1566,#1567,#1568),
 .UNSPECIFIED.,.F.,.F.,(4,1,4),(2.29600534785057E-7,0.000749543530805991,
0.0014988574610772),.UNSPECIFIED.);
#132=ORIENTED_EDGE('',*,*,#324,.T.);
#133=ORIENTED_EDGE('',*,*,#325,.T.);
#134=ORIENTED_EDGE('',*,*,#326,.F.);
#135=ORIENTED_EDGE('',*,*,#327,.F.);
#136=ORIENTED_EDGE('',*,*,#328,.T.);
#137=ORIENTED_EDGE('',*,*,#329,.T.);
#138=ORIENTED_EDGE('',*,*,#330,.T.);
#139=ORIENTED_EDGE('',*,*,#331,.T.);
#140=ORIENTED_EDGE('',*,*,#332,.T.);
#141=ORIENTED_EDGE('',*,*,#333,.F.);
#142=ORIENTED_EDGE('',*,*,#334,.F.);
#143=ORIENTED_EDGE('',*,*,#335,.F.);
#144=ORIENTED_EDGE('',*,*,#336,.F.);
#145=ORIENTED_EDGE('',*,*,#337,.T.);
#146=ORIENTED_EDGE('',*,*,#338,.T.);
#147=ORIENTED_EDGE('',*,*,#325,.F.);
#148=ORIENTED_EDGE('',*,*,#339,.T.);
#149=ORIENTED_EDGE('',*,*,#340,.T.);
#150=ORIENTED_EDGE('',*,*,#341,.F.);
#151=ORIENTED_EDGE('',*,*,#342,.F.);
#152=ORIENTED_EDGE('',*,*,#343,.F.);
#153=ORIENTED_EDGE('',*,*,#324,.F.);
#154=ORIENTED_EDGE('',*,*,#344,.F.);
#155=ORIENTED_EDGE('',*,*,#345,.F.);
#156=ORIENTED_EDGE('',*,*,#346,.T.);
#157=ORIENTED_EDGE('',*,*,#339,.F.);
#158=ORIENTED_EDGE('',*,*,#347,.T.);
#159=ORIENTED_EDGE('',*,*,#331,.F.);
#160=ORIENTED_EDGE('',*,*,#348,.F.);
#161=ORIENTED_EDGE('',*,*,#328,.F.);
#162=ORIENTED_EDGE('',*,*,#348,.T.);
#163=ORIENTED_EDGE('',*,*,#330,.F.);
#164=ORIENTED_EDGE('',*,*,#349,.F.);
#165=ORIENTED_EDGE('',*,*,#350,.F.);
#166=ORIENTED_EDGE('',*,*,#344,.T.);
#167=ORIENTED_EDGE('',*,*,#329,.F.);
#168=ORIENTED_EDGE('',*,*,#337,.F.);
#169=ORIENTED_EDGE('',*,*,#351,.F.);
#170=ORIENTED_EDGE('',*,*,#352,.T.);
#171=ORIENTED_EDGE('',*,*,#349,.T.);
#172=ORIENTED_EDGE('',*,*,#333,.T.);
#173=ORIENTED_EDGE('',*,*,#353,.T.);
#174=ORIENTED_EDGE('',*,*,#354,.T.);
#175=ORIENTED_EDGE('',*,*,#355,.F.);
#176=ORIENTED_EDGE('',*,*,#356,.F.);
#177=ORIENTED_EDGE('',*,*,#357,.F.);
#178=ORIENTED_EDGE('',*,*,#346,.F.);
#179=ORIENTED_EDGE('',*,*,#358,.F.);
#180=ORIENTED_EDGE('',*,*,#354,.F.);
#181=ORIENTED_EDGE('',*,*,#353,.F.);
#182=ORIENTED_EDGE('',*,*,#332,.F.);
#183=ORIENTED_EDGE('',*,*,#347,.F.);
#184=ORIENTED_EDGE('',*,*,#340,.F.);
#185=ORIENTED_EDGE('',*,*,#359,.T.);
#186=ORIENTED_EDGE('',*,*,#360,.T.);
#187=ORIENTED_EDGE('',*,*,#361,.F.);
#188=ORIENTED_EDGE('',*,*,#362,.F.);
#189=ORIENTED_EDGE('',*,*,#363,.T.);
#190=ORIENTED_EDGE('',*,*,#364,.T.);
#191=ORIENTED_EDGE('',*,*,#365,.F.);
#192=ORIENTED_EDGE('',*,*,#366,.F.);
#193=ORIENTED_EDGE('',*,*,#352,.F.);
#194=ORIENTED_EDGE('',*,*,#367,.F.);
#195=ORIENTED_EDGE('',*,*,#368,.F.);
#196=ORIENTED_EDGE('',*,*,#369,.F.);
#197=ORIENTED_EDGE('',*,*,#355,.T.);
#198=ORIENTED_EDGE('',*,*,#358,.T.);
#199=ORIENTED_EDGE('',*,*,#345,.T.);
#200=ORIENTED_EDGE('',*,*,#350,.T.);
#201=ORIENTED_EDGE('',*,*,#370,.F.);
#202=ORIENTED_EDGE('',*,*,#371,.T.);
#203=ORIENTED_EDGE('',*,*,#343,.T.);
#204=ORIENTED_EDGE('',*,*,#370,.T.);
#205=ORIENTED_EDGE('',*,*,#372,.F.);
#206=ORIENTED_EDGE('',*,*,#338,.F.);
#207=ORIENTED_EDGE('',*,*,#373,.T.);
#208=ORIENTED_EDGE('',*,*,#372,.T.);
#209=ORIENTED_EDGE('',*,*,#374,.T.);
#210=ORIENTED_EDGE('',*,*,#326,.T.);
#211=ORIENTED_EDGE('',*,*,#375,.T.);
#212=ORIENTED_EDGE('',*,*,#335,.T.);
#213=ORIENTED_EDGE('',*,*,#376,.F.);
#214=ORIENTED_EDGE('',*,*,#341,.T.);
#215=ORIENTED_EDGE('',*,*,#377,.F.);
#216=ORIENTED_EDGE('',*,*,#368,.T.);
#217=ORIENTED_EDGE('',*,*,#375,.F.);
#218=ORIENTED_EDGE('',*,*,#327,.T.);
#219=ORIENTED_EDGE('',*,*,#374,.F.);
#220=ORIENTED_EDGE('',*,*,#367,.T.);
#221=ORIENTED_EDGE('',*,*,#351,.T.);
#222=ORIENTED_EDGE('',*,*,#336,.T.);
#223=ORIENTED_EDGE('',*,*,#377,.T.);
#224=ORIENTED_EDGE('',*,*,#342,.T.);
#225=ORIENTED_EDGE('',*,*,#376,.T.);
#226=ORIENTED_EDGE('',*,*,#334,.T.);
#227=ORIENTED_EDGE('',*,*,#357,.T.);
#228=ORIENTED_EDGE('',*,*,#356,.T.);
#229=ORIENTED_EDGE('',*,*,#369,.T.);
#230=ORIENTED_EDGE('',*,*,#373,.F.);
#231=ORIENTED_EDGE('',*,*,#371,.F.);
#232=ORIENTED_EDGE('',*,*,#378,.T.);
#233=ORIENTED_EDGE('',*,*,#379,.T.);
#234=ORIENTED_EDGE('',*,*,#366,.T.);
#235=ORIENTED_EDGE('',*,*,#365,.T.);
#236=ORIENTED_EDGE('',*,*,#364,.F.);
#237=ORIENTED_EDGE('',*,*,#363,.F.);
#238=ORIENTED_EDGE('',*,*,#362,.T.);
#239=ORIENTED_EDGE('',*,*,#361,.T.);
#240=ORIENTED_EDGE('',*,*,#360,.F.);
#241=ORIENTED_EDGE('',*,*,#359,.F.);
#242=ORIENTED_EDGE('',*,*,#380,.T.);
#243=ORIENTED_EDGE('',*,*,#381,.F.);
#244=ORIENTED_EDGE('',*,*,#382,.F.);
#245=ORIENTED_EDGE('',*,*,#383,.F.);
#246=ORIENTED_EDGE('',*,*,#384,.T.);
#247=ORIENTED_EDGE('',*,*,#385,.F.);
#248=ORIENTED_EDGE('',*,*,#386,.F.);
#249=ORIENTED_EDGE('',*,*,#387,.T.);
#250=ORIENTED_EDGE('',*,*,#388,.T.);
#251=ORIENTED_EDGE('',*,*,#389,.T.);
#252=ORIENTED_EDGE('',*,*,#390,.T.);
#253=ORIENTED_EDGE('',*,*,#391,.T.);
#254=ORIENTED_EDGE('',*,*,#392,.T.);
#255=ORIENTED_EDGE('',*,*,#393,.T.);
#256=ORIENTED_EDGE('',*,*,#394,.T.);
#257=ORIENTED_EDGE('',*,*,#385,.T.);
#258=ORIENTED_EDGE('',*,*,#395,.T.);
#259=ORIENTED_EDGE('',*,*,#396,.T.);
#260=ORIENTED_EDGE('',*,*,#397,.T.);
#261=ORIENTED_EDGE('',*,*,#398,.F.);
#262=ORIENTED_EDGE('',*,*,#399,.F.);
#263=ORIENTED_EDGE('',*,*,#400,.T.);
#264=ORIENTED_EDGE('',*,*,#396,.F.);
#265=ORIENTED_EDGE('',*,*,#401,.F.);
#266=ORIENTED_EDGE('',*,*,#402,.F.);
#267=ORIENTED_EDGE('',*,*,#403,.T.);
#268=ORIENTED_EDGE('',*,*,#387,.F.);
#269=ORIENTED_EDGE('',*,*,#404,.F.);
#270=ORIENTED_EDGE('',*,*,#405,.F.);
#271=ORIENTED_EDGE('',*,*,#406,.T.);
#272=ORIENTED_EDGE('',*,*,#391,.F.);
#273=ORIENTED_EDGE('',*,*,#393,.F.);
#274=ORIENTED_EDGE('',*,*,#407,.F.);
#275=ORIENTED_EDGE('',*,*,#408,.F.);
#276=ORIENTED_EDGE('',*,*,#409,.T.);
#277=ORIENTED_EDGE('',*,*,#410,.T.);
#278=ORIENTED_EDGE('',*,*,#408,.T.);
#279=ORIENTED_EDGE('',*,*,#411,.T.);
#280=ORIENTED_EDGE('',*,*,#405,.T.);
#281=ORIENTED_EDGE('',*,*,#412,.T.);
#282=ORIENTED_EDGE('',*,*,#413,.T.);
#283=ORIENTED_EDGE('',*,*,#414,.T.);
#284=ORIENTED_EDGE('',*,*,#402,.T.);
#285=ORIENTED_EDGE('',*,*,#415,.T.);
#286=ORIENTED_EDGE('',*,*,#399,.T.);
#287=ORIENTED_EDGE('',*,*,#416,.T.);
#288=ORIENTED_EDGE('',*,*,#383,.T.);
#289=ORIENTED_EDGE('',*,*,#380,.F.);
#290=ORIENTED_EDGE('',*,*,#417,.T.);
#291=ORIENTED_EDGE('',*,*,#378,.F.);
#292=ORIENTED_EDGE('',*,*,#417,.F.);
#293=ORIENTED_EDGE('',*,*,#379,.F.);
#294=ORIENTED_EDGE('',*,*,#398,.T.);
#295=ORIENTED_EDGE('',*,*,#395,.F.);
#296=ORIENTED_EDGE('',*,*,#384,.F.);
#297=ORIENTED_EDGE('',*,*,#416,.F.);
#298=ORIENTED_EDGE('',*,*,#382,.T.);
#299=ORIENTED_EDGE('',*,*,#394,.F.);
#300=ORIENTED_EDGE('',*,*,#409,.F.);
#301=ORIENTED_EDGE('',*,*,#410,.F.);
#302=ORIENTED_EDGE('',*,*,#401,.T.);
#303=ORIENTED_EDGE('',*,*,#397,.F.);
#304=ORIENTED_EDGE('',*,*,#400,.F.);
#305=ORIENTED_EDGE('',*,*,#415,.F.);
#306=ORIENTED_EDGE('',*,*,#418,.T.);
#307=ORIENTED_EDGE('',*,*,#388,.F.);
#308=ORIENTED_EDGE('',*,*,#403,.F.);
#309=ORIENTED_EDGE('',*,*,#414,.F.);
#310=ORIENTED_EDGE('',*,*,#419,.T.);
#311=ORIENTED_EDGE('',*,*,#389,.F.);
#312=ORIENTED_EDGE('',*,*,#418,.F.);
#313=ORIENTED_EDGE('',*,*,#413,.F.);
#314=ORIENTED_EDGE('',*,*,#404,.T.);
#315=ORIENTED_EDGE('',*,*,#390,.F.);
#316=ORIENTED_EDGE('',*,*,#419,.F.);
#317=ORIENTED_EDGE('',*,*,#412,.F.);
#318=ORIENTED_EDGE('',*,*,#407,.T.);
#319=ORIENTED_EDGE('',*,*,#392,.F.);
#320=ORIENTED_EDGE('',*,*,#406,.F.);
#321=ORIENTED_EDGE('',*,*,#411,.F.);
#322=ORIENTED_EDGE('',*,*,#386,.T.);
#323=ORIENTED_EDGE('',*,*,#381,.T.);
#324=EDGE_CURVE('',#420,#420,#491,.T.);
#325=EDGE_CURVE('',#421,#421,#78,.T.);
#326=EDGE_CURVE('',#422,#423,#79,.T.);
#327=EDGE_CURVE('',#423,#422,#80,.T.);
#328=EDGE_CURVE('',#424,#425,#81,.T.);
#329=EDGE_CURVE('',#425,#424,#82,.T.);
#330=EDGE_CURVE('',#426,#427,#83,.T.);
#331=EDGE_CURVE('',#427,#428,#84,.T.);
#332=EDGE_CURVE('',#428,#429,#85,.T.);
#333=EDGE_CURVE('',#430,#429,#30,.T.);
#334=EDGE_CURVE('',#431,#430,#86,.T.);
#335=EDGE_CURVE('',#432,#431,#87,.T.);
#336=EDGE_CURVE('',#433,#432,#88,.T.);
#337=EDGE_CURVE('',#433,#426,#31,.T.);
#338=EDGE_CURVE('',#434,#434,#89,.T.);
#339=EDGE_CURVE('',#435,#436,#90,.T.);
#340=EDGE_CURVE('',#436,#435,#91,.T.);
#341=EDGE_CURVE('',#437,#438,#92,.T.);
#342=EDGE_CURVE('',#438,#437,#93,.T.);
#343=EDGE_CURVE('',#439,#439,#94,.T.);
#344=EDGE_CURVE('',#440,#424,#32,.T.);
#345=EDGE_CURVE('',#441,#440,#95,.T.);
#346=EDGE_CURVE('',#441,#436,#33,.T.);
#347=EDGE_CURVE('',#435,#428,#34,.T.);
#348=EDGE_CURVE('',#425,#427,#35,.T.);
#349=EDGE_CURVE('',#442,#426,#96,.T.);
#350=EDGE_CURVE('',#440,#442,#97,.T.);
#351=EDGE_CURVE('',#443,#433,#98,.T.);
#352=EDGE_CURVE('',#443,#442,#36,.T.);
#353=EDGE_CURVE('',#429,#444,#99,.T.);
#354=EDGE_CURVE('',#444,#445,#100,.T.);
#355=EDGE_CURVE('',#446,#445,#37,.T.);
#356=EDGE_CURVE('',#447,#446,#101,.T.);
#357=EDGE_CURVE('',#430,#447,#102,.T.);
#358=EDGE_CURVE('',#445,#441,#103,.T.);
#359=EDGE_CURVE('',#448,#449,#104,.T.);
#360=EDGE_CURVE('',#449,#450,#105,.T.);
#361=EDGE_CURVE('',#451,#450,#106,.T.);
#362=EDGE_CURVE('',#452,#451,#107,.T.);
#363=EDGE_CURVE('',#452,#453,#108,.T.);
#364=EDGE_CURVE('',#453,#454,#109,.T.);
#365=EDGE_CURVE('',#455,#454,#110,.T.);
#366=EDGE_CURVE('',#448,#455,#111,.T.);
#367=EDGE_CURVE('',#456,#443,#112,.T.);
#368=EDGE_CURVE('',#457,#456,#113,.T.);
#369=EDGE_CURVE('',#446,#457,#114,.T.);
#370=EDGE_CURVE('',#458,#458,#115,.T.);
#371=EDGE_CURVE('',#459,#459,#116,.T.);
#372=EDGE_CURVE('',#460,#460,#492,.T.);
#373=EDGE_CURVE('',#461,#461,#117,.T.);
#374=EDGE_CURVE('',#456,#422,#38,.T.);
#375=EDGE_CURVE('',#423,#432,#39,.T.);
#376=EDGE_CURVE('',#437,#431,#40,.T.);
#377=EDGE_CURVE('',#457,#438,#41,.T.);
#378=EDGE_CURVE('',#462,#463,#118,.T.);
#379=EDGE_CURVE('',#463,#462,#119,.T.);
#380=EDGE_CURVE('',#464,#464,#493,.T.);
#381=EDGE_CURVE('',#465,#465,#494,.F.);
#382=EDGE_CURVE('',#466,#467,#42,.T.);
#383=EDGE_CURVE('',#468,#466,#495,.T.);
#384=EDGE_CURVE('',#468,#469,#43,.T.);
#385=EDGE_CURVE('',#467,#469,#120,.T.);
#386=EDGE_CURVE('',#470,#470,#496,.T.);
#387=EDGE_CURVE('',#471,#472,#121,.T.);
#388=EDGE_CURVE('',#472,#473,#122,.T.);
#389=EDGE_CURVE('',#473,#474,#123,.T.);
#390=EDGE_CURVE('',#474,#475,#124,.T.);
#391=EDGE_CURVE('',#475,#476,#125,.T.);
#392=EDGE_CURVE('',#476,#477,#126,.T.);
#393=EDGE_CURVE('',#477,#478,#127,.T.);
#394=EDGE_CURVE('',#478,#467,#128,.T.);
#395=EDGE_CURVE('',#469,#479,#129,.T.);
#396=EDGE_CURVE('',#479,#480,#130,.T.);
#397=EDGE_CURVE('',#480,#471,#131,.T.);
#398=EDGE_CURVE('',#481,#479,#44,.T.);
#399=EDGE_CURVE('',#482,#481,#497,.T.);
#400=EDGE_CURVE('',#482,#480,#45,.T.);
#401=EDGE_CURVE('',#483,#471,#46,.T.);
#402=EDGE_CURVE('',#484,#483,#498,.T.);
#403=EDGE_CURVE('',#484,#472,#47,.T.);
#404=EDGE_CURVE('',#485,#475,#48,.T.);
#405=EDGE_CURVE('',#486,#485,#499,.T.);
#406=EDGE_CURVE('',#486,#476,#49,.T.);
#407=EDGE_CURVE('',#487,#477,#50,.T.);
#408=EDGE_CURVE('',#488,#487,#500,.T.);
#409=EDGE_CURVE('',#488,#478,#51,.T.);
#410=EDGE_CURVE('',#466,#488,#501,.F.);
#411=EDGE_CURVE('',#487,#486,#502,.F.);
#412=EDGE_CURVE('',#485,#489,#503,.F.);
#413=EDGE_CURVE('',#489,#490,#504,.T.);
#414=EDGE_CURVE('',#490,#484,#505,.F.);
#415=EDGE_CURVE('',#483,#482,#506,.F.);
#416=EDGE_CURVE('',#481,#468,#507,.F.);
#417=EDGE_CURVE('',#462,#463,#508,.T.);
#418=EDGE_CURVE('',#490,#473,#52,.T.);
#419=EDGE_CURVE('',#489,#474,#53,.T.);
#420=VERTEX_POINT('',#881);
#421=VERTEX_POINT('',#893);
#422=VERTEX_POINT('',#902);
#423=VERTEX_POINT('',#903);
#424=VERTEX_POINT('',#924);
#425=VERTEX_POINT('',#925);
#426=VERTEX_POINT('',#944);
#427=VERTEX_POINT('',#945);
#428=VERTEX_POINT('',#953);
#429=VERTEX_POINT('',#958);
#430=VERTEX_POINT('',#960);
#431=VERTEX_POINT('',#965);
#432=VERTEX_POINT('',#973);
#433=VERTEX_POINT('',#978);
#434=VERTEX_POINT('',#991);
#435=VERTEX_POINT('',#1002);
#436=VERTEX_POINT('',#1003);
#437=VERTEX_POINT('',#1026);
#438=VERTEX_POINT('',#1027);
#439=VERTEX_POINT('',#1096);
#440=VERTEX_POINT('',#1099);
#441=VERTEX_POINT('',#1107);
#442=VERTEX_POINT('',#1123);
#443=VERTEX_POINT('',#1140);
#444=VERTEX_POINT('',#1154);
#445=VERTEX_POINT('',#1159);
#446=VERTEX_POINT('',#1161);
#447=VERTEX_POINT('',#1166);
#448=VERTEX_POINT('',#1188);
#449=VERTEX_POINT('',#1189);
#450=VERTEX_POINT('',#1194);
#451=VERTEX_POINT('',#1199);
#452=VERTEX_POINT('',#1204);
#453=VERTEX_POINT('',#1209);
#454=VERTEX_POINT('',#1214);
#455=VERTEX_POINT('',#1219);
#456=VERTEX_POINT('',#1228);
#457=VERTEX_POINT('',#1236);
#458=VERTEX_POINT('',#1252);
#459=VERTEX_POINT('',#1264);
#460=VERTEX_POINT('',#1311);
#461=VERTEX_POINT('',#1367);
#462=VERTEX_POINT('',#1474);
#463=VERTEX_POINT('',#1475);
#464=VERTEX_POINT('',#1485);
#465=VERTEX_POINT('',#1487);
#466=VERTEX_POINT('',#1490);
#467=VERTEX_POINT('',#1491);
#468=VERTEX_POINT('',#1493);
#469=VERTEX_POINT('',#1495);
#470=VERTEX_POINT('',#1503);
#471=VERTEX_POINT('',#1509);
#472=VERTEX_POINT('',#1510);
#473=VERTEX_POINT('',#1516);
#474=VERTEX_POINT('',#1522);
#475=VERTEX_POINT('',#1528);
#476=VERTEX_POINT('',#1534);
#477=VERTEX_POINT('',#1540);
#478=VERTEX_POINT('',#1546);
#479=VERTEX_POINT('',#1557);
#480=VERTEX_POINT('',#1563);
#481=VERTEX_POINT('',#1571);
#482=VERTEX_POINT('',#1573);
#483=VERTEX_POINT('',#1577);
#484=VERTEX_POINT('',#1579);
#485=VERTEX_POINT('',#1583);
#486=VERTEX_POINT('',#1585);
#487=VERTEX_POINT('',#1589);
#488=VERTEX_POINT('',#1591);
#489=VERTEX_POINT('',#1597);
#490=VERTEX_POINT('',#1599);
#491=CIRCLE('',#697,2.5);
#492=CIRCLE('',#709,2.5);
#493=CIRCLE('',#715,3.17250792944681);
#494=CIRCLE('',#716,2.98436006180926);
#495=CIRCLE('',#718,0.4);
#496=CIRCLE('',#720,2.39999999999986);
#497=CIRCLE('',#722,0.4);
#498=CIRCLE('',#724,0.4);
#499=CIRCLE('',#726,0.4);
#500=CIRCLE('',#728,0.4);
#501=CIRCLE('',#730,0.922912372737023);
#502=CIRCLE('',#731,0.922912372737023);
#503=CIRCLE('',#732,0.922912372737023);
#504=CIRCLE('',#733,0.4);
#505=CIRCLE('',#734,0.922912372737023);
#506=CIRCLE('',#735,0.922912372737023);
#507=CIRCLE('',#736,0.922912372737023);
#508=CIRCLE('',#738,3.25);
#509=EDGE_LOOP('',(#132));
#510=EDGE_LOOP('',(#133));
#511=EDGE_LOOP('',(#134,#135));
#512=EDGE_LOOP('',(#136,#137));
#513=EDGE_LOOP('',(#138,#139,#140,#141,#142,#143,#144,#145));
#514=EDGE_LOOP('',(#146));
#515=EDGE_LOOP('',(#147));
#516=EDGE_LOOP('',(#148,#149));
#517=EDGE_LOOP('',(#150,#151));
#518=EDGE_LOOP('',(#152));
#519=EDGE_LOOP('',(#153));
#520=EDGE_LOOP('',(#154,#155,#156,#157,#158,#159,#160,#161));
#521=EDGE_LOOP('',(#162,#163,#164,#165,#166,#167));
#522=EDGE_LOOP('',(#168,#169,#170,#171));
#523=EDGE_LOOP('',(#172,#173,#174,#175,#176,#177));
#524=EDGE_LOOP('',(#178,#179,#180,#181,#182,#183,#184));
#525=EDGE_LOOP('',(#185,#186,#187,#188,#189,#190,#191,#192));
#526=EDGE_LOOP('',(#193,#194,#195,#196,#197,#198,#199,#200));
#527=EDGE_LOOP('',(#201));
#528=EDGE_LOOP('',(#202));
#529=EDGE_LOOP('',(#203));
#530=EDGE_LOOP('',(#204));
#531=EDGE_LOOP('',(#205));
#532=EDGE_LOOP('',(#206));
#533=EDGE_LOOP('',(#207));
#534=EDGE_LOOP('',(#208));
#535=EDGE_LOOP('',(#209,#210,#211,#212,#213,#214,#215,#216));
#536=EDGE_LOOP('',(#217,#218,#219,#220,#221,#222));
#537=EDGE_LOOP('',(#223,#224,#225,#226,#227,#228,#229));
#538=EDGE_LOOP('',(#230));
#539=EDGE_LOOP('',(#231));
#540=EDGE_LOOP('',(#232,#233));
#541=EDGE_LOOP('',(#234,#235,#236,#237,#238,#239,#240,#241));
#542=EDGE_LOOP('',(#242));
#543=EDGE_LOOP('',(#243));
#544=EDGE_LOOP('',(#244,#245,#246,#247));
#545=EDGE_LOOP('',(#248));
#546=EDGE_LOOP('',(#249,#250,#251,#252,#253,#254,#255,#256,#257,#258,#259,
#260));
#547=EDGE_LOOP('',(#261,#262,#263,#264));
#548=EDGE_LOOP('',(#265,#266,#267,#268));
#549=EDGE_LOOP('',(#269,#270,#271,#272));
#550=EDGE_LOOP('',(#273,#274,#275,#276));
#551=EDGE_LOOP('',(#277,#278,#279,#280,#281,#282,#283,#284,#285,#286,#287,
#288));
#552=EDGE_LOOP('',(#289));
#553=EDGE_LOOP('',(#290,#291));
#554=EDGE_LOOP('',(#292,#293));
#555=EDGE_LOOP('',(#294,#295,#296,#297));
#556=EDGE_LOOP('',(#298,#299,#300,#301));
#557=EDGE_LOOP('',(#302,#303,#304,#305));
#558=EDGE_LOOP('',(#306,#307,#308,#309));
#559=EDGE_LOOP('',(#310,#311,#312,#313));
#560=EDGE_LOOP('',(#314,#315,#316,#317));
#561=EDGE_LOOP('',(#318,#319,#320,#321));
#562=EDGE_LOOP('',(#322));
#563=EDGE_LOOP('',(#323));
#564=FACE_BOUND('',#509,.T.);
#565=FACE_BOUND('',#510,.T.);
#566=FACE_BOUND('',#511,.T.);
#567=FACE_BOUND('',#512,.T.);
#568=FACE_BOUND('',#513,.T.);
#569=FACE_BOUND('',#514,.T.);
#570=FACE_BOUND('',#515,.T.);
#571=FACE_BOUND('',#516,.T.);
#572=FACE_BOUND('',#517,.T.);
#573=FACE_BOUND('',#518,.T.);
#574=FACE_BOUND('',#519,.T.);
#575=FACE_BOUND('',#520,.T.);
#576=FACE_BOUND('',#521,.T.);
#577=FACE_BOUND('',#522,.T.);
#578=FACE_BOUND('',#523,.T.);
#579=FACE_BOUND('',#524,.T.);
#580=FACE_BOUND('',#525,.T.);
#581=FACE_BOUND('',#526,.T.);
#582=FACE_BOUND('',#527,.T.);
#583=FACE_BOUND('',#528,.T.);
#584=FACE_BOUND('',#529,.T.);
#585=FACE_BOUND('',#530,.T.);
#586=FACE_BOUND('',#531,.T.);
#587=FACE_BOUND('',#532,.T.);
#588=FACE_BOUND('',#533,.T.);
#589=FACE_BOUND('',#534,.T.);
#590=FACE_BOUND('',#535,.T.);
#591=FACE_BOUND('',#536,.T.);
#592=FACE_BOUND('',#537,.T.);
#593=FACE_BOUND('',#538,.T.);
#594=FACE_BOUND('',#539,.T.);
#595=FACE_BOUND('',#540,.T.);
#596=FACE_BOUND('',#541,.T.);
#597=FACE_BOUND('',#542,.T.);
#598=FACE_BOUND('',#543,.T.);
#599=FACE_BOUND('',#544,.T.);
#600=FACE_BOUND('',#545,.T.);
#601=FACE_BOUND('',#546,.T.);
#602=FACE_BOUND('',#547,.T.);
#603=FACE_BOUND('',#548,.T.);
#604=FACE_BOUND('',#549,.T.);
#605=FACE_BOUND('',#550,.T.);
#606=FACE_BOUND('',#551,.T.);
#607=FACE_BOUND('',#552,.T.);
#608=FACE_BOUND('',#553,.T.);
#609=FACE_BOUND('',#554,.T.);
#610=FACE_BOUND('',#555,.T.);
#611=FACE_BOUND('',#556,.T.);
#612=FACE_BOUND('',#557,.T.);
#613=FACE_BOUND('',#558,.T.);
#614=FACE_BOUND('',#559,.T.);
#615=FACE_BOUND('',#560,.T.);
#616=FACE_BOUND('',#561,.T.);
#617=FACE_BOUND('',#562,.T.);
#618=FACE_BOUND('',#563,.T.);
#619=CYLINDRICAL_SURFACE('',#696,2.5);
#620=CYLINDRICAL_SURFACE('',#698,2.5);
#621=CYLINDRICAL_SURFACE('',#699,11.3808467325);
#622=CYLINDRICAL_SURFACE('',#700,2.);
#623=CYLINDRICAL_SURFACE('',#702,4.);
#624=CYLINDRICAL_SURFACE('',#703,10.);
#625=CYLINDRICAL_SURFACE('',#704,3.25);
#626=CYLINDRICAL_SURFACE('',#705,2.45);
#627=CYLINDRICAL_SURFACE('',#706,10.);
#628=CYLINDRICAL_SURFACE('',#707,24.293467299);
#629=CYLINDRICAL_SURFACE('',#708,2.5);
#630=CYLINDRICAL_SURFACE('',#711,4.);
#631=CYLINDRICAL_SURFACE('',#712,10.);
#632=CYLINDRICAL_SURFACE('',#713,10.);
#633=CYLINDRICAL_SURFACE('',#717,0.4);
#634=CYLINDRICAL_SURFACE('',#721,0.4);
#635=CYLINDRICAL_SURFACE('',#723,0.4);
#636=CYLINDRICAL_SURFACE('',#725,0.4);
#637=CYLINDRICAL_SURFACE('',#727,0.4);
#638=CYLINDRICAL_SURFACE('',#739,3.25);
#639=CYLINDRICAL_SURFACE('',#740,0.922912372737023);
#640=CYLINDRICAL_SURFACE('',#741,0.922912372737023);
#641=CYLINDRICAL_SURFACE('',#742,0.922912372737023);
#642=CYLINDRICAL_SURFACE('',#743,0.922912372737023);
#643=CYLINDRICAL_SURFACE('',#744,0.4);
#644=CYLINDRICAL_SURFACE('',#745,0.922912372737023);
#645=CYLINDRICAL_SURFACE('',#746,0.922912372737023);
#646=ADVANCED_FACE('',(#564,#565),#619,.F.);
#647=ADVANCED_FACE('',(#566,#567),#620,.F.);
#648=ADVANCED_FACE('',(#568,#569,#570),#621,.F.);
#649=ADVANCED_FACE('',(#571,#572),#622,.F.);
#650=ADVANCED_FACE('',(#573,#574),#27,.F.);
#651=ADVANCED_FACE('',(#575),#623,.T.);
#652=ADVANCED_FACE('',(#576),#624,.F.);
#653=ADVANCED_FACE('',(#577),#625,.T.);
#654=ADVANCED_FACE('',(#578),#626,.T.);
#655=ADVANCED_FACE('',(#579),#627,.F.);
#656=ADVANCED_FACE('',(#580,#581,#582,#583),#628,.F.);
#657=ADVANCED_FACE('',(#584,#585),#24,.F.);
#658=ADVANCED_FACE('',(#586,#587),#629,.F.);
#659=ADVANCED_FACE('',(#588,#589),#28,.F.);
#660=ADVANCED_FACE('',(#590),#630,.T.);
#661=ADVANCED_FACE('',(#591),#631,.F.);
#662=ADVANCED_FACE('',(#592),#632,.F.);
#663=ADVANCED_FACE('',(#593,#594),#25,.T.);
#664=ADVANCED_FACE('',(#595,#596),#26,.F.);
#665=ADVANCED_FACE('',(#597,#598),#23,.T.);
#666=ADVANCED_FACE('',(#599),#633,.F.);
#667=ADVANCED_FACE('',(#600,#601),#29,.F.);
#668=ADVANCED_FACE('',(#602),#634,.F.);
#669=ADVANCED_FACE('',(#603),#635,.F.);
#670=ADVANCED_FACE('',(#604),#636,.F.);
#671=ADVANCED_FACE('',(#605),#637,.F.);
#672=ADVANCED_FACE('',(#606),#20,.F.);
#673=ADVANCED_FACE('',(#607,#608),#21,.F.);
#674=ADVANCED_FACE('',(#609),#638,.F.);
#675=ADVANCED_FACE('',(#610),#639,.T.);
#676=ADVANCED_FACE('',(#611),#640,.T.);
#677=ADVANCED_FACE('',(#612),#641,.T.);
#678=ADVANCED_FACE('',(#613),#642,.T.);
#679=ADVANCED_FACE('',(#614),#643,.F.);
#680=ADVANCED_FACE('',(#615),#644,.T.);
#681=ADVANCED_FACE('',(#616),#645,.T.);
#682=ADVANCED_FACE('',(#617,#618),#22,.T.);
#683=CLOSED_SHELL('',(#646,#647,#648,#649,#650,#651,#652,#653,#654,#655,
#656,#657,#658,#659,#660,#661,#662,#663,#664,#665,#666,#667,#668,#669,#670,
#671,#672,#673,#674,#675,#676,#677,#678,#679,#680,#681,#682));
#684=STYLED_ITEM('',(#685),#692);
#685=PRESENTATION_STYLE_ASSIGNMENT((#686));
#686=SURFACE_STYLE_USAGE(.BOTH.,#687);
#687=SURFACE_SIDE_STYLE('',(#688));
#688=SURFACE_STYLE_FILL_AREA(#689);
#689=FILL_AREA_STYLE('',(#690));
#690=FILL_AREA_STYLE_COLOUR('',#691);
#691=COLOUR_RGB('',0.506983280181885,0.531564235687256,0.550000011920929);
#692=MANIFOLD_SOLID_BREP($,#683);
#693=SHAPE_DEFINITION_REPRESENTATION(#1622,#694);
#694=SHAPE_REPRESENTATION('Î÷π«π«∏…-◊Ó∂Ã',(#695),#1617);
#695=AXIS2_PLACEMENT_3D('',#878,#748,#749);
#696=AXIS2_PLACEMENT_3D('',#879,#750,#751);
#697=AXIS2_PLACEMENT_3D('',#880,#752,#753);
#698=AXIS2_PLACEMENT_3D('',#894,#754,#755);
#699=AXIS2_PLACEMENT_3D('',#939,#756,#757);
#700=AXIS2_PLACEMENT_3D('',#992,#760,#761);
#701=AXIS2_PLACEMENT_3D('',#1041,#762,#763);
#702=AXIS2_PLACEMENT_3D('',#1097,#764,#765);
#703=AXIS2_PLACEMENT_3D('',#1111,#770,#771);
#704=AXIS2_PLACEMENT_3D('',#1128,#772,#773);
#705=AXIS2_PLACEMENT_3D('',#1142,#775,#776);
#706=AXIS2_PLACEMENT_3D('',#1178,#778,#779);
#707=AXIS2_PLACEMENT_3D('',#1183,#780,#781);
#708=AXIS2_PLACEMENT_3D('',#1309,#782,#783);
#709=AXIS2_PLACEMENT_3D('',#1310,#784,#785);
#710=AXIS2_PLACEMENT_3D('',#1312,#786,#787);
#711=AXIS2_PLACEMENT_3D('',#1368,#788,#789);
#712=AXIS2_PLACEMENT_3D('',#1373,#794,#795);
#713=AXIS2_PLACEMENT_3D('',#1374,#796,#797);
#714=AXIS2_PLACEMENT_3D('',#1483,#798,#799);
#715=AXIS2_PLACEMENT_3D('',#1484,#800,#801);
#716=AXIS2_PLACEMENT_3D('',#1486,#802,#803);
#717=AXIS2_PLACEMENT_3D('',#1488,#804,#805);
#718=AXIS2_PLACEMENT_3D('',#1492,#807,#808);
#719=AXIS2_PLACEMENT_3D('',#1501,#810,#811);
#720=AXIS2_PLACEMENT_3D('',#1502,#812,#813);
#721=AXIS2_PLACEMENT_3D('',#1569,#814,#815);
#722=AXIS2_PLACEMENT_3D('',#1572,#817,#818);
#723=AXIS2_PLACEMENT_3D('',#1575,#820,#821);
#724=AXIS2_PLACEMENT_3D('',#1578,#823,#824);
#725=AXIS2_PLACEMENT_3D('',#1581,#826,#827);
#726=AXIS2_PLACEMENT_3D('',#1584,#829,#830);
#727=AXIS2_PLACEMENT_3D('',#1587,#832,#833);
#728=AXIS2_PLACEMENT_3D('',#1590,#835,#836);
#729=AXIS2_PLACEMENT_3D('',#1593,#838,#839);
#730=AXIS2_PLACEMENT_3D('',#1594,#840,#841);
#731=AXIS2_PLACEMENT_3D('',#1595,#842,#843);
#732=AXIS2_PLACEMENT_3D('',#1596,#844,#845);
#733=AXIS2_PLACEMENT_3D('',#1598,#846,#847);
#734=AXIS2_PLACEMENT_3D('',#1600,#848,#849);
#735=AXIS2_PLACEMENT_3D('',#1601,#850,#851);
#736=AXIS2_PLACEMENT_3D('',#1602,#852,#853);
#737=AXIS2_PLACEMENT_3D('',#1603,#854,#855);
#738=AXIS2_PLACEMENT_3D('',#1604,#856,#857);
#739=AXIS2_PLACEMENT_3D('',#1605,#858,#859);
#740=AXIS2_PLACEMENT_3D('',#1606,#860,#861);
#741=AXIS2_PLACEMENT_3D('',#1607,#862,#863);
#742=AXIS2_PLACEMENT_3D('',#1608,#864,#865);
#743=AXIS2_PLACEMENT_3D('',#1609,#866,#867);
#744=AXIS2_PLACEMENT_3D('',#1611,#869,#870);
#745=AXIS2_PLACEMENT_3D('',#1613,#872,#873);
#746=AXIS2_PLACEMENT_3D('',#1614,#874,#875);
#747=AXIS2_PLACEMENT_3D('',#1615,#876,#877);
#748=DIRECTION('',(0.,0.,1.));
#749=DIRECTION('',(1.,0.,0.));
#750=DIRECTION('',(0.999780683474845,0.0209424198833996,5.21637973622999E-15));
#751=DIRECTION('',(-0.0209424198833996,0.999780683474845,1.5241721492425E-14));
#752=DIRECTION('',(-0.999780683474845,-0.0209424198833998,-5.20467035276715E-15));
#753=DIRECTION('',(-0.0209424198834001,0.999780683474845,1.52833548558485E-14));
#754=DIRECTION('',(-5.07076848316245E-15,-1.53071999520193E-14,0.999999999999999));
#755=DIRECTION('',(-0.999780683474845,-0.0209424198834,-5.18211894757946E-15));
#756=DIRECTION('',(5.07076848316245E-15,1.53071999520193E-14,-0.999999999999999));
#757=DIRECTION('',(0.999780683474845,0.0209424198833998,5.20467035276715E-15));
#758=DIRECTION('',(5.07076848316245E-15,1.53071999520193E-14,-0.999999999999999));
#759=DIRECTION('',(5.07076848316245E-15,1.53071999520193E-14,-0.999999999999999));
#760=DIRECTION('',(-5.07076848316245E-15,-1.53071999520193E-14,0.999999999999999));
#761=DIRECTION('',(-0.999780683474845,-0.0209424198834,-5.18211894757946E-15));
#762=DIRECTION('',(-0.999780683474845,-0.0209424198833996,-5.31395793175369E-15));
#763=DIRECTION('',(0.0209424198834001,-0.999780683474845,-1.5394377158311E-14));
#764=DIRECTION('',(0.999780683474845,0.0209424198834,5.27969714310315E-15));
#765=DIRECTION('',(0.0209424198834001,-0.999780683474845,-1.52833548558485E-14));
#766=DIRECTION('',(0.999780683474845,0.0209424198834,5.27969714310315E-15));
#767=DIRECTION('',(0.999780683474845,0.0209424198834,5.27969714310315E-15));
#768=DIRECTION('',(0.999780683474845,0.0209424198834,5.27969714310315E-15));
#769=DIRECTION('',(0.999780683474845,0.0209424198834,5.27969714310315E-15));
#770=DIRECTION('',(0.999780683474845,0.0209424198834,5.27969714310315E-15));
#771=DIRECTION('',(-0.0209424198834001,0.999780683474845,1.51862103411938E-14));
#772=DIRECTION('',(5.07076848316245E-15,1.53071999520193E-14,-0.999999999999999));
#773=DIRECTION('',(-0.999780683474845,-0.0209424198834,-5.27969714310315E-15));
#774=DIRECTION('',(5.07076848316245E-15,1.53071999520193E-14,-0.999999999999999));
#775=DIRECTION('',(5.07076848316245E-15,1.53071999520193E-14,-0.999999999999999));
#776=DIRECTION('',(0.999780683474845,0.0209424198834002,5.27058984485428E-15));
#777=DIRECTION('',(5.07076848316245E-15,1.53071999520193E-14,-0.999999999999999));
#778=DIRECTION('',(0.999780683474845,0.0209424198834,5.27969714310315E-15));
#779=DIRECTION('',(-0.0209424198834001,0.999780683474845,1.51862103411938E-14));
#780=DIRECTION('',(5.07076848316245E-15,1.53071999520193E-14,-0.999999999999999));
#781=DIRECTION('',(-0.999780683474845,-0.0209424198834,-5.27969714310315E-15));
#782=DIRECTION('',(0.999780683474845,0.0209424198833996,7.74987712892639E-16));
#783=DIRECTION('',(-0.0209424198833996,0.999780683474845,5.20417042793042E-15));
#784=DIRECTION('',(0.999780683474845,0.0209424198833998,7.86697096355482E-16));
#785=DIRECTION('',(-0.0209424198834001,0.999780683474845,5.16253706450698E-15));
#786=DIRECTION('',(-0.999780683474845,-0.0209424198833996,-6.77409517368943E-16));
#787=DIRECTION('',(0.0209424198834001,-0.999780683474845,-5.05151476204446E-15));
#788=DIRECTION('',(0.999780683474845,0.0209424198834,7.11670306019485E-16));
#789=DIRECTION('',(0.0209424198834001,-0.999780683474845,-5.16253706450698E-15));
#790=DIRECTION('',(0.999780683474845,0.0209424198834,7.11670306019485E-16));
#791=DIRECTION('',(0.999780683474845,0.0209424198834,7.11670306019485E-16));
#792=DIRECTION('',(0.999780683474845,0.0209424198834,7.11670306019485E-16));
#793=DIRECTION('',(0.999780683474845,0.0209424198834,7.11670306019485E-16));
#794=DIRECTION('',(0.999780683474845,0.0209424198834,7.11670306019485E-16));
#795=DIRECTION('',(-0.0209424198834001,0.999780683474845,5.25968157916168E-15));
#796=DIRECTION('',(0.999780683474845,0.0209424198834,7.11670306019485E-16));
#797=DIRECTION('',(-0.0209424198834001,0.999780683474845,5.25968157916168E-15));
#798=DIRECTION('',(-1.,-4.81732709278757E-14,-1.35746580749397E-14));
#799=DIRECTION('',(4.88062375747024E-14,-0.898478923355677,-0.439016656045788));
#800=DIRECTION('',(-1.,-4.82455352316861E-14,-1.35746580749397E-14));
#801=DIRECTION('',(-4.82455352316864E-14,1.,2.05668815311807E-14));
#802=DIRECTION('',(1.,4.81732709278757E-14,1.35746580749397E-14));
#803=DIRECTION('',(4.8173270927876E-14,-1.,-2.05668815311807E-14));
#804=DIRECTION('',(-1.,-4.81732709278757E-14,-1.35746580749397E-14));
#805=DIRECTION('',(-4.88062375747024E-14,0.898478923355677,0.439016656045788));
#806=DIRECTION('',(-1.,-4.81732709278757E-14,-1.35746580749397E-14));
#807=DIRECTION('',(-1.,-4.82455352316861E-14,-1.35746580749397E-14));
#808=DIRECTION('',(-4.82455352316864E-14,1.,2.05668815311807E-14));
#809=DIRECTION('',(-1.,-4.81732709278757E-14,-1.35746580749397E-14));
#810=DIRECTION('',(-1.,-4.81732709278757E-14,-1.35746580749397E-14));
#811=DIRECTION('',(-4.88062375747024E-14,0.898478923355677,0.439016656045788));
#812=DIRECTION('',(1.,4.81732709278757E-14,1.35746580749397E-14));
#813=DIRECTION('',(4.8173270927876E-14,-1.,-2.05668815311807E-14));
#814=DIRECTION('',(-1.,-4.81732709278757E-14,-1.35746580749397E-14));
#815=DIRECTION('',(-4.88062375747024E-14,0.898478923355677,0.439016656045788));
#816=DIRECTION('',(-1.,-4.81732709278757E-14,-1.35746580749397E-14));
#817=DIRECTION('',(-1.,-4.82455352316861E-14,-1.35746580749397E-14));
#818=DIRECTION('',(-4.82455352316864E-14,1.,2.05668815311807E-14));
#819=DIRECTION('',(-1.,-4.81732709278757E-14,-1.35746580749397E-14));
#820=DIRECTION('',(-1.,-4.81732709278757E-14,-1.35746580749397E-14));
#821=DIRECTION('',(-4.88062375747024E-14,0.898478923355677,0.439016656045788));
#822=DIRECTION('',(-1.,-4.81732709278757E-14,-1.35746580749397E-14));
#823=DIRECTION('',(-1.,-4.82455352316861E-14,-1.35746580749397E-14));
#824=DIRECTION('',(-4.82455352316864E-14,1.,2.05668815311807E-14));
#825=DIRECTION('',(-1.,-4.81732709278757E-14,-1.35746580749397E-14));
#826=DIRECTION('',(-1.,-4.81732709278757E-14,-1.35746580749397E-14));
#827=DIRECTION('',(-4.88062375747024E-14,0.898478923355677,0.439016656045788));
#828=DIRECTION('',(-1.,-4.81732709278757E-14,-1.35746580749397E-14));
#829=DIRECTION('',(-1.,-4.82455352316861E-14,-1.35746580749397E-14));
#830=DIRECTION('',(-4.82455352316864E-14,1.,2.05668815311807E-14));
#831=DIRECTION('',(-1.,-4.81732709278757E-14,-1.35746580749397E-14));
#832=DIRECTION('',(-1.,-4.81732709278757E-14,-1.35746580749397E-14));
#833=DIRECTION('',(-4.88062375747024E-14,0.898478923355677,0.439016656045788));
#834=DIRECTION('',(-1.,-4.81732709278757E-14,-1.35746580749397E-14));
#835=DIRECTION('',(-1.,-4.82455352316861E-14,-1.35746580749397E-14));
#836=DIRECTION('',(-4.82455352316864E-14,1.,2.05668815311807E-14));
#837=DIRECTION('',(-1.,-4.81732709278757E-14,-1.35746580749397E-14));
#838=DIRECTION('',(1.,4.82455352316861E-14,1.35746580749397E-14));
#839=DIRECTION('',(-4.82455352316864E-14,1.,2.05668815311807E-14));
#840=DIRECTION('',(-1.,-4.82455352316861E-14,-1.35746580749397E-14));
#841=DIRECTION('',(-4.82455352316864E-14,1.,2.05668815311807E-14));
#842=DIRECTION('',(-1.,-4.82455352316861E-14,-1.35746580749397E-14));
#843=DIRECTION('',(-4.82455352316864E-14,1.,2.05668815311807E-14));
#844=DIRECTION('',(-1.,-4.82455352316861E-14,-1.35746580749397E-14));
#845=DIRECTION('',(-4.82455352316864E-14,1.,2.05668815311807E-14));
#846=DIRECTION('',(-1.,-4.82455352316861E-14,-1.35746580749397E-14));
#847=DIRECTION('',(-4.82455352316864E-14,1.,2.05668815311807E-14));
#848=DIRECTION('',(-1.,-4.82455352316861E-14,-1.35746580749397E-14));
#849=DIRECTION('',(-4.82455352316864E-14,1.,2.05668815311807E-14));
#850=DIRECTION('',(-1.,-4.82455352316861E-14,-1.35746580749397E-14));
#851=DIRECTION('',(-4.82455352316864E-14,1.,2.05668815311807E-14));
#852=DIRECTION('',(-1.,-4.82455352316861E-14,-1.35746580749397E-14));
#853=DIRECTION('',(-4.82455352316864E-14,1.,2.05668815311807E-14));
#854=DIRECTION('',(1.,4.82455352316861E-14,1.35746580749397E-14));
#855=DIRECTION('',(-4.82455352316864E-14,1.,2.05668815311807E-14));
#856=DIRECTION('',(-1.,-4.82455352316861E-14,-1.35746580749397E-14));
#857=DIRECTION('',(4.82455352316865E-14,-1.,-2.98672256722287E-14));
#858=DIRECTION('',(1.,4.81732709278757E-14,1.35746580749397E-14));
#859=DIRECTION('',(-4.8173270927876E-14,1.,2.05668815311807E-14));
#860=DIRECTION('',(-1.,-4.81732709278757E-14,-1.35746580749397E-14));
#861=DIRECTION('',(-4.88062375747024E-14,0.898478923355677,0.439016656045788));
#862=DIRECTION('',(-1.,-4.81732709278757E-14,-1.35746580749397E-14));
#863=DIRECTION('',(-4.88062375747024E-14,0.898478923355677,0.439016656045788));
#864=DIRECTION('',(-1.,-4.81732709278757E-14,-1.35746580749397E-14));
#865=DIRECTION('',(-4.88062375747024E-14,0.898478923355677,0.439016656045788));
#866=DIRECTION('',(-1.,-4.81732709278757E-14,-1.35746580749397E-14));
#867=DIRECTION('',(-4.88062375747024E-14,0.898478923355677,0.439016656045788));
#868=DIRECTION('',(-1.,-4.81732709278757E-14,-1.35746580749397E-14));
#869=DIRECTION('',(-1.,-4.81732709278757E-14,-1.35746580749397E-14));
#870=DIRECTION('',(-4.88062375747024E-14,0.898478923355677,0.439016656045788));
#871=DIRECTION('',(-1.,-4.81732709278757E-14,-1.35746580749397E-14));
#872=DIRECTION('',(-1.,-4.81732709278757E-14,-1.35746580749397E-14));
#873=DIRECTION('',(-4.88062375747024E-14,0.898478923355677,0.439016656045788));
#874=DIRECTION('',(-1.,-4.81732709278757E-14,-1.35746580749397E-14));
#875=DIRECTION('',(-4.88062375747024E-14,0.898478923355677,0.439016656045788));
#876=DIRECTION('',(-1.,-4.81732709278757E-14,-1.35746580749397E-14));
#877=DIRECTION('',(1.35543502359591E-14,2.0566881531181E-14,-1.));
#878=CARTESIAN_POINT('',(0.,0.,0.));
#879=CARTESIAN_POINT('',(-1.62463627876091,178.426012780267,-269.481750890886));
#880=CARTESIAN_POINT('',(0.100081671714632,178.462140471165,-269.481750890886));
#881=CARTESIAN_POINT('',(0.047725622006132,180.961592179852,-269.481750890886));
#882=CARTESIAN_POINT('',(2.6999711876994,176.801820426737,-267.311329487345));
#883=CARTESIAN_POINT('',(3.06734598933791,175.771465575434,-269.150176722364));
#884=CARTESIAN_POINT('',(2.84592515091101,176.348581813202,-271.19761000969));
#885=CARTESIAN_POINT('',(2.40889269329039,178.158006295432,-272.227041773292));
#886=CARTESIAN_POINT('',(2.35058397603825,180.21917267476,-271.667612680815));
#887=CARTESIAN_POINT('',(2.49685873026207,181.264561182408,-269.811350525639));
#888=CARTESIAN_POINT('',(2.40099129819178,180.688250227068,-267.762622985086));
#889=CARTESIAN_POINT('',(2.34138699400181,178.81636178646,-266.728067596798));
#890=CARTESIAN_POINT('',(2.6999711876994,176.801820426737,-267.311329487345));
#891=CARTESIAN_POINT('',(3.06734598933791,175.771465575434,-269.150176722364));
#892=CARTESIAN_POINT('',(2.84592515091101,176.348581813202,-271.19761000969));
#893=CARTESIAN_POINT('',(2.96921338266034,176.039377423612,-269.184941064416));
#894=CARTESIAN_POINT('',(0.609462068077094,173.244563828528,-281.157730643386));
#895=CARTESIAN_POINT('',(-1.37850659983225,174.760473084296,-251.285462467695));
#896=CARTESIAN_POINT('',(-1.24456223935693,174.936128184266,-250.879559970641));
#897=CARTESIAN_POINT('',(-0.809639246884822,175.423211785327,-250.183232764705));
#898=CARTESIAN_POINT('',(0.54784169736067,175.888648129177,-249.813673898709));
#899=CARTESIAN_POINT('',(1.93080908047913,175.485628206394,-250.177327698507));
#900=CARTESIAN_POINT('',(2.39083655211924,175.012511117999,-250.879006837855));
#901=CARTESIAN_POINT('',(2.53221601484543,174.842380232307,-251.285487708827));
#902=CARTESIAN_POINT('',(-1.37850648084418,174.760473132374,-251.285462527767));
#903=CARTESIAN_POINT('',(2.53221597430555,174.84238027293,-251.285487740371));
#904=CARTESIAN_POINT('',(2.53221604247735,174.842380248649,-251.285487706507));
#905=CARTESIAN_POINT('',(2.7274472796323,174.607446101997,-251.846973606876));
#906=CARTESIAN_POINT('',(3.05939488255044,174.037737468081,-252.924306818297));
#907=CARTESIAN_POINT('',(3.19972768385316,172.818082883107,-254.441253719393));
#908=CARTESIAN_POINT('',(2.64393294996441,171.59183559361,-255.432973901335));
#909=CARTESIAN_POINT('',(1.6215388771338,170.892627770951,-255.869997434654));
#910=CARTESIAN_POINT('',(0.666764892390883,170.682270833416,-255.981757650112));
#911=CARTESIAN_POINT('',(-0.295509230399065,170.849442640348,-255.871804030974));
#912=CARTESIAN_POINT('',(-1.34903289229501,171.50215126924,-255.437325106371));
#913=CARTESIAN_POINT('',(-1.95849712901992,172.702455961091,-254.447975385502));
#914=CARTESIAN_POINT('',(-1.8751024393802,173.924985903212,-252.939610948694));
#915=CARTESIAN_POINT('',(-1.56398578705993,174.517234926413,-251.847725915555));
#916=CARTESIAN_POINT('',(-1.37850658041053,174.760473012031,-251.285462432613));
#917=CARTESIAN_POINT('',(-1.37850659983219,174.760473084296,-271.048639314077));
#918=CARTESIAN_POINT('',(-1.24456223935687,174.936128184266,-271.45454181113));
#919=CARTESIAN_POINT('',(-0.809639246884758,175.423211785327,-272.150869017067));
#920=CARTESIAN_POINT('',(0.547841697360738,175.888648129177,-272.520427883063));
#921=CARTESIAN_POINT('',(1.93080908047924,175.485628206394,-272.156774083265));
#922=CARTESIAN_POINT('',(2.39083655211929,175.012511117999,-271.455094943917));
#923=CARTESIAN_POINT('',(2.53221601484548,174.842380232307,-271.048614072945));
#924=CARTESIAN_POINT('',(-1.37850648084412,174.760473132374,-271.048639254005));
#925=CARTESIAN_POINT('',(2.53221597430561,174.84238027293,-271.048614041401));
#926=CARTESIAN_POINT('',(2.53221604247741,174.842380248649,-271.048614075264));
#927=CARTESIAN_POINT('',(2.72744727963235,174.607446101998,-270.487128174896));
#928=CARTESIAN_POINT('',(3.0593948825505,174.037737468081,-269.409794963474));
#929=CARTESIAN_POINT('',(3.19972768385321,172.818082883107,-267.892848062379));
#930=CARTESIAN_POINT('',(2.64393294996441,171.59183559361,-266.901127880437));
#931=CARTESIAN_POINT('',(1.62153887713379,170.892627770951,-266.464104347118));
#932=CARTESIAN_POINT('',(0.666764892390877,170.682270833416,-266.35234413166));
#933=CARTESIAN_POINT('',(-0.295509230399098,170.849442640348,-266.462297750798));
#934=CARTESIAN_POINT('',(-1.349032892295,171.50215126924,-266.896776675401));
#935=CARTESIAN_POINT('',(-1.95849712901989,172.702455961091,-267.88612639627));
#936=CARTESIAN_POINT('',(-1.87510243938014,173.924985903212,-269.394490833078));
#937=CARTESIAN_POINT('',(-1.56398578705988,174.517234926413,-270.486375866217));
#938=CARTESIAN_POINT('',(-1.37850658041048,174.760473012031,-271.048639349159));
#939=CARTESIAN_POINT('',(13.7588417225979,179.659818368396,-241.361846829685));
#940=CARTESIAN_POINT('',(3.53037872240756,174.669606249919,-270.621696037696));
#941=CARTESIAN_POINT('',(3.49770049211033,174.736586983721,-270.762006092966));
#942=CARTESIAN_POINT('',(3.46732699261761,174.800509357054,-270.904255644196));
#943=CARTESIAN_POINT('',(3.4390831603844,174.861250295832,-271.048317924696));
#944=CARTESIAN_POINT('',(3.53037872167775,174.669606249904,-270.621696037624));
#945=CARTESIAN_POINT('',(3.43908315992058,174.861250295827,-271.048317924696));
#946=CARTESIAN_POINT('',(3.43908315992058,174.861250295827,-271.048317924696));
#947=CARTESIAN_POINT('',(3.29283861044331,175.175762545917,-271.79426214127));
#948=CARTESIAN_POINT('',(2.83846944539167,176.219295927717,-273.035669541291));
#949=CARTESIAN_POINT('',(2.32583561574655,178.63387839034,-273.738634888078));
#950=CARTESIAN_POINT('',(2.4026016173408,181.065898719506,-272.890290348037));
#951=CARTESIAN_POINT('',(2.63018071499827,182.057591054238,-271.531723876234));
#952=CARTESIAN_POINT('',(2.69321632191953,182.319819654207,-270.754585839291));
#953=CARTESIAN_POINT('',(2.6932163217093,182.319819654209,-270.754585839271));
#954=CARTESIAN_POINT('',(2.6932163214985,182.319819654209,-270.754585839255));
#955=CARTESIAN_POINT('',(2.71386885606073,182.405734353653,-270.499969901566));
#956=CARTESIAN_POINT('',(2.73800744606062,182.501809945345,-270.249305114115));
#957=CARTESIAN_POINT('',(2.76642006335511,182.607756362917,-270.003122224185));
#958=CARTESIAN_POINT('',(2.76642006360514,182.607756362922,-270.003122224209));
#959=CARTESIAN_POINT('',(2.76642006360499,182.607756362922,-241.361846829085));
#960=CARTESIAN_POINT('',(2.76642006360509,182.607756362922,-252.330979557563));
#961=CARTESIAN_POINT('',(2.69321632149844,182.319819654209,-251.579515942516));
#962=CARTESIAN_POINT('',(2.71386885606068,182.405734353653,-251.834131880206));
#963=CARTESIAN_POINT('',(2.73800744606057,182.501809945345,-252.084796667656));
#964=CARTESIAN_POINT('',(2.76642006335506,182.607756362917,-252.330979557586));
#965=CARTESIAN_POINT('',(2.69321632170925,182.319819654208,-251.579515942501));
#966=CARTESIAN_POINT('',(3.43908315992052,174.861250295827,-251.285783857076));
#967=CARTESIAN_POINT('',(3.29283861044325,175.175762545917,-250.539839640501));
#968=CARTESIAN_POINT('',(2.83846944539161,176.219295927717,-249.298432240481));
#969=CARTESIAN_POINT('',(2.32583561574647,178.63387839034,-248.595466893694));
#970=CARTESIAN_POINT('',(2.40260161734073,181.065898719505,-249.443811433735));
#971=CARTESIAN_POINT('',(2.63018071499821,182.057591054237,-250.802377905538));
#972=CARTESIAN_POINT('',(2.69321632191947,182.319819654207,-251.579515942481));
#973=CARTESIAN_POINT('',(3.43908315992052,174.861250295827,-251.285783857076));
#974=CARTESIAN_POINT('',(3.53037872240751,174.669606249919,-251.712405744076));
#975=CARTESIAN_POINT('',(3.49770049211028,174.73658698372,-251.572095688806));
#976=CARTESIAN_POINT('',(3.46732699261756,174.800509357054,-251.429846137576));
#977=CARTESIAN_POINT('',(3.43908316038435,174.861250295832,-251.285783857076));
#978=CARTESIAN_POINT('',(3.5303787216777,174.669606249904,-251.712405744148));
#979=CARTESIAN_POINT('',(3.5303787216776,174.669606249903,-241.361846829086));
#980=CARTESIAN_POINT('',(2.69997118769937,176.801820426737,-255.022772294426));
#981=CARTESIAN_POINT('',(3.06734598933786,175.771465575434,-253.183925059407));
#982=CARTESIAN_POINT('',(2.84592515091095,176.348581813201,-251.136491772081));
#983=CARTESIAN_POINT('',(2.40889269329032,178.158006295432,-250.107060008479));
#984=CARTESIAN_POINT('',(2.3505839760382,180.21917267476,-250.666489100957));
#985=CARTESIAN_POINT('',(2.49685873026202,181.264561182408,-252.522751256132));
#986=CARTESIAN_POINT('',(2.40099129819174,180.688250227068,-254.571478796686));
#987=CARTESIAN_POINT('',(2.34138699400178,178.81636178646,-255.606034184973));
#988=CARTESIAN_POINT('',(2.69997118769937,176.801820426737,-255.022772294426));
#989=CARTESIAN_POINT('',(3.06734598933786,175.771465575434,-253.183925059407));
#990=CARTESIAN_POINT('',(2.84592515091095,176.348581813201,-251.136491772081));
#991=CARTESIAN_POINT('',(2.96921338266029,176.039377423612,-253.149160717356));
#992=CARTESIAN_POINT('',(0.400037869243169,183.242370663276,-281.157730643386));
#993=CARTESIAN_POINT('',(2.16876599756983,182.308774964475,-270.754761531643));
#994=CARTESIAN_POINT('',(2.08899456519012,182.15764533045,-271.199868953534));
#995=CARTESIAN_POINT('',(1.87654894309464,181.801034817045,-271.810531357305));
#996=CARTESIAN_POINT('',(1.15960944724313,181.34936889853,-272.290839918364));
#997=CARTESIAN_POINT('',(0.449253629060484,181.198414315736,-272.415376871161));
#998=CARTESIAN_POINT('',(-0.267626090953048,181.314672841854,-272.295466795566));
#999=CARTESIAN_POINT('',(-1.01220761553502,181.735985514717,-271.817324525224));
#1000=CARTESIAN_POINT('',(-1.24168976307448,182.087327666374,-271.201428671412));
#1001=CARTESIAN_POINT('',(-1.32800537049096,182.23546125245,-270.754960529083));
#1002=CARTESIAN_POINT('',(2.16876594738894,182.308774936555,-270.75476151317));
#1003=CARTESIAN_POINT('',(-1.32800535840507,182.235461242017,-270.754960523112));
#1004=CARTESIAN_POINT('',(-1.32800539487934,182.235461260355,-270.754960536242));
#1005=CARTESIAN_POINT('',(-1.42402782681249,182.40025356066,-270.258055965899));
#1006=CARTESIAN_POINT('',(-1.59696813706139,182.805547367299,-269.296763842484));
#1007=CARTESIAN_POINT('',(-1.63552214671343,183.652274449691,-267.938851048137));
#1008=CARTESIAN_POINT('',(-1.23888978473107,184.534620891669,-266.955998976199));
#1009=CARTESIAN_POINT('',(-0.458416581341216,185.10381383823,-266.447798156557));
#1010=CARTESIAN_POINT('',(0.338251126269138,185.298328131484,-266.29793606527));
#1011=CARTESIAN_POINT('',(1.14861461292784,185.151785330422,-266.435375200883));
#1012=CARTESIAN_POINT('',(1.97118002981458,184.61958950083,-266.938096450481));
#1013=CARTESIAN_POINT('',(2.41418168190797,183.752436267241,-267.917226318743));
#1014=CARTESIAN_POINT('',(2.415170021185,182.891724904588,-269.290900864068));
#1015=CARTESIAN_POINT('',(2.25828044741437,182.478363138058,-270.255182668097));
#1016=CARTESIAN_POINT('',(2.16876597991728,182.308774995703,-270.754761551317));
#1017=CARTESIAN_POINT('',(2.16876599756977,182.308774964475,-251.579340250128));
#1018=CARTESIAN_POINT('',(2.08899456519006,182.15764533045,-251.134232828237));
#1019=CARTESIAN_POINT('',(1.87654894309452,181.801034817044,-250.523570424467));
#1020=CARTESIAN_POINT('',(1.1596094472431,181.34936889853,-250.043261863407));
#1021=CARTESIAN_POINT('',(0.449253629060387,181.198414315736,-249.918724910611));
#1022=CARTESIAN_POINT('',(-0.267626090953077,181.314672841854,-250.038634986206));
#1023=CARTESIAN_POINT('',(-1.01220761553513,181.735985514717,-250.516777256548));
#1024=CARTESIAN_POINT('',(-1.24168976307453,182.087327666374,-251.13267311036));
#1025=CARTESIAN_POINT('',(-1.32800537049102,182.23546125245,-251.579141252688));
#1026=CARTESIAN_POINT('',(2.16876594738888,182.308774936555,-251.579340268601));
#1027=CARTESIAN_POINT('',(-1.32800535840513,182.235461242017,-251.579141258659));
#1028=CARTESIAN_POINT('',(-1.3280053948794,182.235461260354,-251.57914124553));
#1029=CARTESIAN_POINT('',(-1.42402782681254,182.40025356066,-252.076045815872));
#1030=CARTESIAN_POINT('',(-1.59696813706144,182.805547367299,-253.037337939288));
#1031=CARTESIAN_POINT('',(-1.63552214671348,183.652274449691,-254.395250733635));
#1032=CARTESIAN_POINT('',(-1.23888978473105,184.534620891668,-255.378102805573));
#1033=CARTESIAN_POINT('',(-0.458416581341235,185.10381383823,-255.886303625215));
#1034=CARTESIAN_POINT('',(0.338251126269138,185.298328131483,-256.036165716502));
#1035=CARTESIAN_POINT('',(1.14861461292782,185.151785330421,-255.898726580888));
#1036=CARTESIAN_POINT('',(1.97118002981457,184.61958950083,-255.39600533129));
#1037=CARTESIAN_POINT('',(2.41418168190796,183.752436267241,-254.416875463029));
#1038=CARTESIAN_POINT('',(2.41517002118494,182.891724904588,-253.043200917704));
#1039=CARTESIAN_POINT('',(2.25828044741432,182.478363138058,-252.078919113675));
#1040=CARTESIAN_POINT('',(2.16876597991723,182.308774995703,-251.579340230455));
#1041=CARTESIAN_POINT('',(-3.49289204678541,178.386878400707,-269.481750890886));
#1042=CARTESIAN_POINT('',(-1.81468641487063,175.652355758974,-268.650324827106));
#1043=CARTESIAN_POINT('',(-1.84067795836292,175.544768156427,-269.311845123281));
#1044=CARTESIAN_POINT('',(-1.82936803973975,175.590926336914,-269.912496830042));
#1045=CARTESIAN_POINT('',(-1.80577753650737,175.707842764998,-270.389442984714));
#1046=CARTESIAN_POINT('',(-1.77346920218012,175.891255340621,-270.792136008929));
#1047=CARTESIAN_POINT('',(-1.74009053284888,176.096340698363,-271.106892692351));
#1048=CARTESIAN_POINT('',(-1.71607626250294,176.251294428343,-271.297129798757));
#1049=CARTESIAN_POINT('',(-1.694234461271,176.392939170018,-271.447068274421));
#1050=CARTESIAN_POINT('',(-1.66192434593615,176.618962390564,-271.65357843243));
#1051=CARTESIAN_POINT('',(-1.61587441676268,176.985558136814,-271.913342968004));
#1052=CARTESIAN_POINT('',(-1.56045254586464,177.501771417464,-272.142591331573));
#1053=CARTESIAN_POINT('',(-1.52226580804656,177.910016318097,-272.226667720005));
#1054=CARTESIAN_POINT('',(-1.50104709747463,178.158453982972,-272.253893052821));
#1055=CARTESIAN_POINT('',(-1.49139024122412,178.285958823491,-272.259442893649));
#1056=CARTESIAN_POINT('',(-1.48671997176539,178.355229580155,-272.261583308695));
#1057=CARTESIAN_POINT('',(-1.47519994073782,178.54828026749,-272.25956162775));
#1058=CARTESIAN_POINT('',(-1.46108055841255,178.834493374743,-272.234422652281));
#1059=CARTESIAN_POINT('',(-1.44587295523832,179.282929421389,-272.136087363736));
#1060=CARTESIAN_POINT('',(-1.43866310858369,179.796497577743,-271.911303430102));
#1061=CARTESIAN_POINT('',(-1.44186207446125,180.294259030359,-271.552512749286));
#1062=CARTESIAN_POINT('',(-1.4514820585901,180.666222849675,-271.138657171216));
#1063=CARTESIAN_POINT('',(-1.45944948729733,180.949614061633,-270.666227855651));
#1064=CARTESIAN_POINT('',(-1.46625113011528,181.10372757743,-270.231830258009));
#1065=CARTESIAN_POINT('',(-1.47144099268366,181.173685765568,-269.872138418799));
#1066=CARTESIAN_POINT('',(-1.47457994838972,181.195827778563,-269.640109854466));
#1067=CARTESIAN_POINT('',(-1.47719733159949,181.198007430398,-269.454913334467));
#1068=CARTESIAN_POINT('',(-1.47700744113927,181.196950087938,-269.417345711289));
#1069=CARTESIAN_POINT('',(-1.47647476304956,181.190905831664,-269.235192045856));
#1070=CARTESIAN_POINT('',(-1.47372512513134,181.156441452386,-268.982442664141));
#1071=CARTESIAN_POINT('',(-1.47015259984543,181.095743284893,-268.729421971108));
#1072=CARTESIAN_POINT('',(-1.4664012408712,181.02301688762,-268.508183677757));
#1073=CARTESIAN_POINT('',(-1.46262129989463,180.94184443984,-268.318443484445));
#1074=CARTESIAN_POINT('',(-1.45874120992411,180.847600920221,-268.131220674966));
#1075=CARTESIAN_POINT('',(-1.45392258608721,180.71464572372,-267.913409738548));
#1076=CARTESIAN_POINT('',(-1.44899458039575,180.547936321903,-267.699116716284));
#1077=CARTESIAN_POINT('',(-1.44414979584776,180.366392530695,-267.496325002325));
#1078=CARTESIAN_POINT('',(-1.43837686576261,179.964447153613,-267.152892100553));
#1079=CARTESIAN_POINT('',(-1.44231883827756,179.473420364006,-266.899745567245));
#1080=CARTESIAN_POINT('',(-1.45332595185793,179.04357975466,-266.76886567316));
#1081=CARTESIAN_POINT('',(-1.46736428454673,178.703592606526,-266.7161714756));
#1082=CARTESIAN_POINT('',(-1.478235799408,178.494370799539,-266.701898252986));
#1083=CARTESIAN_POINT('',(-1.48861013043965,178.325683957697,-266.702637529486));
#1084=CARTESIAN_POINT('',(-1.49277483621593,178.267657816642,-266.704673264146));
#1085=CARTESIAN_POINT('',(-1.50783927712399,178.071908725336,-266.715119583921));
#1086=CARTESIAN_POINT('',(-1.53918599710112,177.723066037672,-266.765056058351));
#1087=CARTESIAN_POINT('',(-1.58714878094,177.24556750012,-266.922362462473));
#1088=CARTESIAN_POINT('',(-1.63572956673148,176.824913031312,-267.159500327522));
#1089=CARTESIAN_POINT('',(-1.67063910247666,176.553792960411,-267.363165788848));
#1090=CARTESIAN_POINT('',(-1.70280686321522,176.337074494013,-267.573384180849));
#1091=CARTESIAN_POINT('',(-1.72328977271975,176.204286184833,-267.721456922419));
#1092=CARTESIAN_POINT('',(-1.76028617737931,175.96892466734,-268.027627181717));
#1093=CARTESIAN_POINT('',(-1.81468641487063,175.652355758974,-268.650324827106));
#1094=CARTESIAN_POINT('',(-1.84067795836292,175.544768156427,-269.311845123281));
#1095=CARTESIAN_POINT('',(-1.82936803973975,175.590926336914,-269.912496830042));
#1096=CARTESIAN_POINT('',(-1.83471267242688,175.569222389598,-269.481809681863));
#1097=CARTESIAN_POINT('',(-25.3402913745979,177.939686830967,-269.481750890886));
#1098=CARTESIAN_POINT('',(-25.2632134021539,174.260022890506,-271.048317924696));
#1099=CARTESIAN_POINT('',(-2.38011697823035,174.739581933831,-271.048849758141));
#1100=CARTESIAN_POINT('',(-1.95028706460598,182.222552124261,-270.754585838821));
#1101=CARTESIAN_POINT('',(-1.9249455695447,181.963480421336,-271.527834850761));
#1102=CARTESIAN_POINT('',(-1.83275321603387,180.980936170938,-272.884296718283));
#1103=CARTESIAN_POINT('',(-1.82305571784968,178.574459567463,-273.733722000171));
#1104=CARTESIAN_POINT('',(-2.08930241511796,176.140150427525,-273.056939784497));
#1105=CARTESIAN_POINT('',(-2.31119619844515,175.059386910619,-271.796339691472));
#1106=CARTESIAN_POINT('',(-2.38011698368258,174.739581901807,-271.048849772345));
#1107=CARTESIAN_POINT('',(-1.95028706453368,182.222552124266,-270.754585839051));
#1108=CARTESIAN_POINT('',(-25.4197067620079,181.730937863336,-270.754585839256));
#1109=CARTESIAN_POINT('',(-25.4197067620079,181.730937863336,-270.754585839256));
#1110=CARTESIAN_POINT('',(-25.2632134021539,174.260022890506,-271.048317924696));
#1111=CARTESIAN_POINT('',(-25.0705184734934,165.060863039308,-274.964735509186));
#1112=CARTESIAN_POINT('',(-2.54547568233049,174.024863636955,-269.681298328845));
#1113=CARTESIAN_POINT('',(-2.63116783735004,173.678389868969,-269.127532616699));
#1114=CARTESIAN_POINT('',(-2.71382520523969,172.889987905281,-268.096053952405));
#1115=CARTESIAN_POINT('',(-2.2449693331074,171.395953894716,-266.78771358178));
#1116=CARTESIAN_POINT('',(-0.827574206705665,170.106857041381,-266.038298994871));
#1117=CARTESIAN_POINT('',(1.2560453525409,169.840850292302,-265.904571282305));
#1118=CARTESIAN_POINT('',(3.04433408363498,170.82934623907,-266.363283976662));
#1119=CARTESIAN_POINT('',(3.86156187561896,172.371777541385,-267.454113825081));
#1120=CARTESIAN_POINT('',(3.8951051300346,173.721583249406,-268.926931031874));
#1121=CARTESIAN_POINT('',(3.66615349740129,174.391308005864,-270.03872180325));
#1122=CARTESIAN_POINT('',(3.5303787216772,174.669606249904,-270.621696037624));
#1123=CARTESIAN_POINT('',(-2.54547568233049,174.024863636955,-269.681298328845));
#1124=CARTESIAN_POINT('',(-2.38011699522831,174.739581848233,-271.048849796309));
#1125=CARTESIAN_POINT('',(-2.42393230425525,174.536270828375,-270.573377955355));
#1126=CARTESIAN_POINT('',(-2.47797267626852,174.297794348721,-270.117520877101));
#1127=CARTESIAN_POINT('',(-2.54547568230599,174.024863637066,-269.681298329022));
#1128=CARTESIAN_POINT('',(0.609462068076922,173.244563828527,-241.361846829686));
#1129=CARTESIAN_POINT('',(-2.54547568233054,174.024863636955,-252.652803452927));
#1130=CARTESIAN_POINT('',(-2.63116783735008,173.678389868969,-253.206569165073));
#1131=CARTESIAN_POINT('',(-2.71382520523973,172.889987905281,-254.238047829367));
#1132=CARTESIAN_POINT('',(-2.24496933310743,171.395953894716,-255.546388199992));
#1133=CARTESIAN_POINT('',(-0.827574206705673,170.106857041381,-256.295802786901));
#1134=CARTESIAN_POINT('',(1.25604535254091,169.840850292302,-256.429530499467));
#1135=CARTESIAN_POINT('',(3.04433408363495,170.82934623907,-255.97081780511));
#1136=CARTESIAN_POINT('',(3.86156187561895,172.371777541385,-254.879987956691));
#1137=CARTESIAN_POINT('',(3.89510513003454,173.721583249406,-253.407170749898));
#1138=CARTESIAN_POINT('',(3.66615349740124,174.391308005864,-252.295379978522));
#1139=CARTESIAN_POINT('',(3.53037872167715,174.669606249904,-251.712405744148));
#1140=CARTESIAN_POINT('',(-2.54547568233054,174.024863636955,-252.652803452927));
#1141=CARTESIAN_POINT('',(-2.54547568233064,174.024863636955,-241.361846829086));
#1142=CARTESIAN_POINT('',(0.400037869242914,183.242370663275,-241.361846829685));
#1143=CARTESIAN_POINT('',(2.76642006360355,182.607756362922,-270.003122224209));
#1144=CARTESIAN_POINT('',(2.81613565994611,182.793138416086,-269.5723583472));
#1145=CARTESIAN_POINT('',(2.8852333123435,183.218125860231,-268.746646460281));
#1146=CARTESIAN_POINT('',(2.77767037966773,184.033947217103,-267.586661699999));
#1147=CARTESIAN_POINT('',(2.27850191018174,184.957969696524,-266.600445361968));
#1148=CARTESIAN_POINT('',(1.16074744607915,185.718584175191,-265.969959287226));
#1149=CARTESIAN_POINT('',(-0.362177630733537,185.721279149056,-265.94537217063));
#1150=CARTESIAN_POINT('',(-1.49830857282064,184.94176968441,-266.543842324199));
#1151=CARTESIAN_POINT('',(-1.99245849226916,183.994245689956,-267.513740269805));
#1152=CARTESIAN_POINT('',(-2.0545828438265,183.437303923488,-268.285666182219));
#1153=CARTESIAN_POINT('',(-2.0494248052704,183.191061734566,-268.684746312127));
#1154=CARTESIAN_POINT('',(-2.04942480528029,183.191061734561,-268.684746312125));
#1155=CARTESIAN_POINT('',(-2.04942480529027,183.191061734561,-268.684746312116));
#1156=CARTESIAN_POINT('',(-2.04753698956119,183.100938352904,-268.830807598426));
#1157=CARTESIAN_POINT('',(-2.04076743437686,183.014637658473,-268.979259301555));
#1158=CARTESIAN_POINT('',(-2.03025945671005,182.932282117272,-269.129867335576));
#1159=CARTESIAN_POINT('',(-2.03025945693997,182.932282117267,-269.129867335592));
#1160=CARTESIAN_POINT('',(-2.03025945694011,182.932282117267,-241.361846829086));
#1161=CARTESIAN_POINT('',(-2.03025945694002,182.932282117267,-253.20423444618));
#1162=CARTESIAN_POINT('',(-2.04942480529031,183.191061734561,-253.649355469656));
#1163=CARTESIAN_POINT('',(-2.04753698956123,183.100938352904,-253.503294183346));
#1164=CARTESIAN_POINT('',(-2.0407674343769,183.014637658473,-253.354842480216));
#1165=CARTESIAN_POINT('',(-2.0302594567101,182.932282117272,-253.204234446196));
#1166=CARTESIAN_POINT('',(-2.04942480528033,183.191061734561,-253.649355469647));
#1167=CARTESIAN_POINT('',(2.7664200636035,182.607756362922,-252.330979557563));
#1168=CARTESIAN_POINT('',(2.81613565994606,182.793138416086,-252.761743434572));
#1169=CARTESIAN_POINT('',(2.88523331234346,183.218125860231,-253.587455321491));
#1170=CARTESIAN_POINT('',(2.7776703796677,184.033947217103,-254.747440081772));
#1171=CARTESIAN_POINT('',(2.2785019101817,184.957969696524,-255.733656419804));
#1172=CARTESIAN_POINT('',(1.16074744607911,185.718584175191,-256.364142494546));
#1173=CARTESIAN_POINT('',(-0.362177630733567,185.721279149056,-256.388729611142));
#1174=CARTESIAN_POINT('',(-1.49830857282064,184.94176968441,-255.790259457573));
#1175=CARTESIAN_POINT('',(-1.99245849226919,183.994245689956,-254.820361511967));
#1176=CARTESIAN_POINT('',(-2.05458284382654,183.437303923487,-254.048435599553));
#1177=CARTESIAN_POINT('',(-2.04942480527044,183.191061734565,-253.649355469644));
#1178=CARTESIAN_POINT('',(-25.6182452329828,191.20906544422,-273.936673210186));
#1179=CARTESIAN_POINT('',(-2.03025945693997,182.932282117267,-269.129867335592));
#1180=CARTESIAN_POINT('',(-1.99396585381625,182.647833537131,-269.650053844089));
#1181=CARTESIAN_POINT('',(-1.96873588844645,182.411158527182,-270.191653982788));
#1182=CARTESIAN_POINT('',(-1.95028706453423,182.222552124271,-270.754585839053));
#1183=CARTESIAN_POINT('',(-26.1283609346416,179.857536830616,-241.361846829686));
#1184=CARTESIAN_POINT('',(-2.11335494033606,176.189834484316,-264.013958679775));
#1185=CARTESIAN_POINT('',(-2.00114441805428,176.924555056159,-264.60525631489));
#1186=CARTESIAN_POINT('',(-1.89427376599695,177.915954332785,-264.896827876364));
#1187=CARTESIAN_POINT('',(-1.85548210792338,178.85758339618,-264.796624803074));
#1188=CARTESIAN_POINT('',(-2.11335494033606,176.189834484316,-264.013958679775));
#1189=CARTESIAN_POINT('',(-1.85548210792338,178.85758339618,-264.796624803074));
#1190=CARTESIAN_POINT('',(-1.85548210792338,178.85758339618,-264.796624803074));
#1191=CARTESIAN_POINT('',(-1.81651584578076,179.803450800347,-264.695970708476));
#1192=CARTESIAN_POINT('',(-1.84262189942182,180.71420274332,-264.20042430855));
#1193=CARTESIAN_POINT('',(-1.87846231420871,181.311830578905,-263.45899468193));
#1194=CARTESIAN_POINT('',(-1.87846231420871,181.311830578905,-263.45899468193));
#1195=CARTESIAN_POINT('',(-1.93844930852459,182.098235143249,-260.769306841663));
#1196=CARTESIAN_POINT('',(-1.94810770236483,182.202504286546,-261.722444934182));
#1197=CARTESIAN_POINT('',(-1.91453618538607,181.91335122762,-262.712735533717));
#1198=CARTESIAN_POINT('',(-1.87846231420924,181.311830578914,-263.458994681919));
#1199=CARTESIAN_POINT('',(-1.93844930852459,182.098235143249,-260.769306841663));
#1200=CARTESIAN_POINT('',(-1.85129369598241,180.750038761822,-258.315582698207));
#1201=CARTESIAN_POINT('',(-1.87877824638353,181.49764978067,-258.913222745587));
#1202=CARTESIAN_POINT('',(-1.92878814971762,181.993936150194,-259.815895888545));
#1203=CARTESIAN_POINT('',(-1.93844930852459,182.098235143249,-260.769306841663));
#1204=CARTESIAN_POINT('',(-1.85129369598241,180.750038761822,-258.315582698207));
#1205=CARTESIAN_POINT('',(-1.85129369598241,180.750038761822,-258.315582698207));
#1206=CARTESIAN_POINT('',(-1.82401086756068,180.007914810156,-257.722329023182));
#1207=CARTESIAN_POINT('',(-1.8313041649666,179.009567915341,-257.434318267864));
#1208=CARTESIAN_POINT('',(-1.90097571117744,178.066906036327,-257.539457877628));
#1209=CARTESIAN_POINT('',(-1.90097571117743,178.066906036327,-257.539457877628));
#1210=CARTESIAN_POINT('',(-1.90097571117744,178.066906036327,-257.539457877628));
#1211=CARTESIAN_POINT('',(-1.97073987051518,177.122991093919,-257.644737247574));
#1212=CARTESIAN_POINT('',(-2.10033913061936,176.225948201711,-258.138901072542));
#1213=CARTESIAN_POINT('',(-2.20490799842181,175.633681599188,-258.877213331862));
#1214=CARTESIAN_POINT('',(-2.20490799842181,175.633681599188,-258.877213331862));
#1215=CARTESIAN_POINT('',(-2.35616410067554,174.852018766044,-261.565701058873));
#1216=CARTESIAN_POINT('',(-2.37805881252549,174.748036442335,-260.613322512868));
#1217=CARTESIAN_POINT('',(-2.31034551843614,175.036495045775,-259.621658747415));
#1218=CARTESIAN_POINT('',(-2.20490799842189,175.633681599188,-258.877213331863));
#1219=CARTESIAN_POINT('',(-2.35616409823463,174.852018777636,-261.565701165049));
#1220=CARTESIAN_POINT('',(-2.11335494033606,176.189834484316,-264.013958679775));
#1221=CARTESIAN_POINT('',(-2.226522782665,175.448845670261,-263.417616408256));
#1222=CARTESIAN_POINT('',(-2.334282380137,174.955939391441,-262.517514507409));
#1223=CARTESIAN_POINT('',(-2.35616410067554,174.852018766044,-261.565701058873));
#1224=CARTESIAN_POINT('',(-2.38011699522837,174.739581848232,-251.285251985463));
#1225=CARTESIAN_POINT('',(-2.4239323042553,174.536270828375,-251.760723826417));
#1226=CARTESIAN_POINT('',(-2.47797267626857,174.297794348721,-252.216580904671));
#1227=CARTESIAN_POINT('',(-2.54547568230604,174.024863637066,-252.65280345275));
#1228=CARTESIAN_POINT('',(-2.38011697823041,174.73958193383,-251.285252023631));
#1229=CARTESIAN_POINT('',(-1.95028706460603,182.222552124261,-251.57951594295));
#1230=CARTESIAN_POINT('',(-1.92494556954475,181.963480421335,-250.806266931011));
#1231=CARTESIAN_POINT('',(-1.83275321603392,180.980936170938,-249.449805063489));
#1232=CARTESIAN_POINT('',(-1.82305571784976,178.574459567462,-248.600379781601));
#1233=CARTESIAN_POINT('',(-2.08930241511802,176.140150427525,-249.277161997275));
#1234=CARTESIAN_POINT('',(-2.3111961984452,175.059386910619,-250.5377620903));
#1235=CARTESIAN_POINT('',(-2.38011698368263,174.739581901807,-251.285252009427));
#1236=CARTESIAN_POINT('',(-1.95028706453373,182.222552124266,-251.579515942721));
#1237=CARTESIAN_POINT('',(-2.03025945694002,182.932282117267,-253.20423444618));
#1238=CARTESIAN_POINT('',(-1.99396585381629,182.647833537131,-252.684047937683));
#1239=CARTESIAN_POINT('',(-1.9687358884465,182.411158527182,-252.142447798984));
#1240=CARTESIAN_POINT('',(-1.95028706453428,182.222552124271,-251.579515942719));
#1241=CARTESIAN_POINT('',(-1.83325141137465,180.936885105528,-266.918424627286));
#1242=CARTESIAN_POINT('',(-1.93586722042641,182.018001078883,-269.482107044797));
#1243=CARTESIAN_POINT('',(-1.83336717259325,180.937239171427,-272.043407134735));
#1244=CARTESIAN_POINT('',(-1.82549353505093,178.369090481363,-273.076125316121));
#1245=CARTESIAN_POINT('',(-2.14673849634891,175.819335482573,-272.037904598242));
#1246=CARTESIAN_POINT('',(-2.38457050859274,174.740390145897,-269.483338270849));
#1247=CARTESIAN_POINT('',(-2.14762517597538,175.814765775929,-266.930916429639));
#1248=CARTESIAN_POINT('',(-1.82571763332909,178.363527338836,-265.886482367681));
#1249=CARTESIAN_POINT('',(-1.83325141137465,180.936885105528,-266.918424627286));
#1250=CARTESIAN_POINT('',(-1.93586722042641,182.018001078883,-269.482107044797));
#1251=CARTESIAN_POINT('',(-1.83336717259325,180.937239171427,-272.043407134735));
#1252=CARTESIAN_POINT('',(-1.90168124427892,181.657688098748,-269.481709990202));
#1253=CARTESIAN_POINT('',(-1.83325141137466,180.936885105528,-255.415677154486));
#1254=CARTESIAN_POINT('',(-1.93586722042646,182.018001078883,-252.851994736974));
#1255=CARTESIAN_POINT('',(-1.83336717259331,180.937239171427,-250.290694647036));
#1256=CARTESIAN_POINT('',(-1.825493535051,178.369090481362,-249.257976465651));
#1257=CARTESIAN_POINT('',(-2.14673849634903,175.819335482572,-250.29619718353));
#1258=CARTESIAN_POINT('',(-2.38457050859277,174.740390145897,-252.850763510923));
#1259=CARTESIAN_POINT('',(-2.1476251759754,175.814765775929,-255.403185352133));
#1260=CARTESIAN_POINT('',(-1.82571763332913,178.363527338836,-256.447619414091));
#1261=CARTESIAN_POINT('',(-1.83325141137466,180.936885105528,-255.415677154486));
#1262=CARTESIAN_POINT('',(-1.93586722042646,182.018001078883,-252.851994736974));
#1263=CARTESIAN_POINT('',(-1.83336717259331,180.937239171427,-250.290694647036));
#1264=CARTESIAN_POINT('',(-1.90168124427897,181.657688098748,-252.85239179157));
#1265=CARTESIAN_POINT('',(-2.14846201846525,175.828751834086,-272.051544572578));
#1266=CARTESIAN_POINT('',(-2.38977157445474,174.728821055342,-269.481625629461));
#1267=CARTESIAN_POINT('',(-2.14858239828757,175.828176907286,-266.912884524033));
#1268=CARTESIAN_POINT('',(-1.82969840884271,178.361160233187,-265.88797336068));
#1269=CARTESIAN_POINT('',(-1.83608452259912,180.932455475564,-266.907044280792));
#1270=CARTESIAN_POINT('',(-1.93977009201657,182.025958171044,-269.481851762541));
#1271=CARTESIAN_POINT('',(-1.83612208257079,180.932794206404,-272.055808300341));
#1272=CARTESIAN_POINT('',(-1.82963392946337,178.362318677913,-273.075463402597));
#1273=CARTESIAN_POINT('',(-2.14846201846525,175.828751834086,-272.051544572578));
#1274=CARTESIAN_POINT('',(-2.38977157445474,174.728821055342,-269.481625629461));
#1275=CARTESIAN_POINT('',(-2.14858239828757,175.828176907286,-266.912884524033));
#1276=CARTESIAN_POINT('',(-2.00263148607502,175.937197889951,-271.908395044802));
#1277=CARTESIAN_POINT('',(-2.22536773080121,174.911516164367,-269.481630149886));
#1278=CARTESIAN_POINT('',(-2.00274341195508,175.936657540271,-267.05599146235));
#1279=CARTESIAN_POINT('',(-1.70157397840063,178.35371893116,-266.057134308441));
#1280=CARTESIAN_POINT('',(-1.7009584641222,180.818151319023,-267.035312571384));
#1281=CARTESIAN_POINT('',(-1.79310172427519,181.85115452275,-269.48184782891));
#1282=CARTESIAN_POINT('',(-1.70099222844858,180.818472389564,-271.927568271609));
#1283=CARTESIAN_POINT('',(-1.70151123538003,178.354831212347,-272.906309947877));
#1284=CARTESIAN_POINT('',(-2.00263148607502,175.937197889951,-271.908395044802));
#1285=CARTESIAN_POINT('',(-2.22536773080121,174.911516164367,-269.481630149886));
#1286=CARTESIAN_POINT('',(-2.00274341195508,175.936657540271,-267.05599146235));
#1287=CARTESIAN_POINT('',(-1.8568009536848,176.045643945816,-271.765245517026));
#1288=CARTESIAN_POINT('',(-2.06096388714768,175.094211273391,-269.481634670312));
#1289=CARTESIAN_POINT('',(-1.85690442562259,176.045138173257,-267.199098400666));
#1290=CARTESIAN_POINT('',(-1.57344954795856,178.346277629132,-266.226295256202));
#1291=CARTESIAN_POINT('',(-1.56583240564527,180.703847162482,-267.163580861976));
#1292=CARTESIAN_POINT('',(-1.64643335653382,181.676350874456,-269.481843895279));
#1293=CARTESIAN_POINT('',(-1.56586237432638,180.704150572725,-271.799328242876));
#1294=CARTESIAN_POINT('',(-1.57338854129669,178.347343746781,-272.737156493156));
#1295=CARTESIAN_POINT('',(-1.8568009536848,176.045643945816,-271.765245517026));
#1296=CARTESIAN_POINT('',(-2.06096388714768,175.094211273391,-269.481634670312));
#1297=CARTESIAN_POINT('',(-1.85690442562259,176.045138173257,-267.199098400666));
#1298=CARTESIAN_POINT('',(-1.71097042129457,176.154090001681,-271.62209598925));
#1299=CARTESIAN_POINT('',(-1.89656004349415,175.276906382415,-269.481639190737));
#1300=CARTESIAN_POINT('',(-1.71106543929011,176.153618806243,-267.342205338983));
#1301=CARTESIAN_POINT('',(-1.44532511751649,178.338836327105,-266.395456203963));
#1302=CARTESIAN_POINT('',(-1.43070634716835,180.589543005942,-267.291849152568));
#1303=CARTESIAN_POINT('',(-1.49976498879244,181.501547226163,-269.481839961649));
#1304=CARTESIAN_POINT('',(-1.43073252020417,180.589828755885,-271.671088214144));
#1305=CARTESIAN_POINT('',(-1.44526584721335,178.339856281216,-272.568003038436));
#1306=CARTESIAN_POINT('',(-1.71097042129457,176.154090001681,-271.62209598925));
#1307=CARTESIAN_POINT('',(-1.89656004349415,175.276906382415,-269.481639190737));
#1308=CARTESIAN_POINT('',(-1.71106543929011,176.153618806243,-267.342205338983));
#1309=CARTESIAN_POINT('',(-1.62463627876096,178.426012780267,-252.852350890886));
#1310=CARTESIAN_POINT('',(0.100081671714586,178.462140471165,-252.852350890886));
#1311=CARTESIAN_POINT('',(0.0477256220060858,180.961592179852,-252.852350890886));
#1312=CARTESIAN_POINT('',(-3.49289204678545,178.386878400707,-252.852350890886));
#1313=CARTESIAN_POINT('',(-1.81468641487067,175.652355758974,-253.683776954666));
#1314=CARTESIAN_POINT('',(-1.84067795836297,175.544768156427,-253.022256658491));
#1315=CARTESIAN_POINT('',(-1.8293680397398,175.590926336914,-252.42160495173));
#1316=CARTESIAN_POINT('',(-1.80577753650742,175.707842764998,-251.944658797058));
#1317=CARTESIAN_POINT('',(-1.77346920218017,175.891255340621,-251.541965772843));
#1318=CARTESIAN_POINT('',(-1.74009053284893,176.096340698363,-251.22720908942));
#1319=CARTESIAN_POINT('',(-1.71607626250299,176.251294428343,-251.036971983015));
#1320=CARTESIAN_POINT('',(-1.69423446127106,176.392939170018,-250.887033507351));
#1321=CARTESIAN_POINT('',(-1.66192434593621,176.618962390564,-250.680523349342));
#1322=CARTESIAN_POINT('',(-1.61587441676274,176.985558136814,-250.420758813768));
#1323=CARTESIAN_POINT('',(-1.5604525458647,177.501771417464,-250.191510450199));
#1324=CARTESIAN_POINT('',(-1.52226580804663,177.910016318097,-250.107434061767));
#1325=CARTESIAN_POINT('',(-1.50104709747469,178.158453982971,-250.080208728951));
#1326=CARTESIAN_POINT('',(-1.49139024122418,178.28595882349,-250.074658888123));
#1327=CARTESIAN_POINT('',(-1.48671997176545,178.355229580155,-250.072518473077));
#1328=CARTESIAN_POINT('',(-1.47519994073788,178.54828026749,-250.074540154022));
#1329=CARTESIAN_POINT('',(-1.46108055841261,178.834493374743,-250.099679129491));
#1330=CARTESIAN_POINT('',(-1.44587295523838,179.282929421389,-250.198014418035));
#1331=CARTESIAN_POINT('',(-1.43866310858375,179.796497577743,-250.42279835167));
#1332=CARTESIAN_POINT('',(-1.4418620744613,180.294259030359,-250.781589032486));
#1333=CARTESIAN_POINT('',(-1.45148205859016,180.666222849675,-251.195444610556));
#1334=CARTESIAN_POINT('',(-1.45944948729738,180.949614061632,-251.66787392612));
#1335=CARTESIAN_POINT('',(-1.46625113011533,181.103727577429,-252.102271523763));
#1336=CARTESIAN_POINT('',(-1.47144099268371,181.173685765568,-252.461963362972));
#1337=CARTESIAN_POINT('',(-1.47457994838977,181.195827778563,-252.693991927306));
#1338=CARTESIAN_POINT('',(-1.47719733159953,181.198007430398,-252.879188447305));
#1339=CARTESIAN_POINT('',(-1.47700744113932,181.196950087938,-252.916756070482));
#1340=CARTESIAN_POINT('',(-1.4764747630496,181.190905831664,-253.098909735916));
#1341=CARTESIAN_POINT('',(-1.47372512513138,181.156441452385,-253.351659117631));
#1342=CARTESIAN_POINT('',(-1.47015259984547,181.095743284893,-253.604679810663));
#1343=CARTESIAN_POINT('',(-1.46640124087124,181.02301688762,-253.825918104015));
#1344=CARTESIAN_POINT('',(-1.46262129989467,180.94184443984,-254.015658297326));
#1345=CARTESIAN_POINT('',(-1.45874120992414,180.847600920221,-254.202881106806));
#1346=CARTESIAN_POINT('',(-1.45392258608725,180.71464572372,-254.420692043224));
#1347=CARTESIAN_POINT('',(-1.44899458039578,180.547936321903,-254.634985065487));
#1348=CARTESIAN_POINT('',(-1.44414979584779,180.366392530695,-254.837776779447));
#1349=CARTESIAN_POINT('',(-1.43837686576265,179.964447153613,-255.181209681219));
#1350=CARTESIAN_POINT('',(-1.44231883827759,179.473420364006,-255.434356214527));
#1351=CARTESIAN_POINT('',(-1.45332595185797,179.04357975466,-255.565236108612));
#1352=CARTESIAN_POINT('',(-1.46736428454676,178.703592606526,-255.617930306172));
#1353=CARTESIAN_POINT('',(-1.47823579940803,178.494370799539,-255.632203528786));
#1354=CARTESIAN_POINT('',(-1.48861013043968,178.325683957696,-255.631464252286));
#1355=CARTESIAN_POINT('',(-1.49277483621596,178.267657816642,-255.629428517626));
#1356=CARTESIAN_POINT('',(-1.50783927712402,178.071908725336,-255.618982197851));
#1357=CARTESIAN_POINT('',(-1.53918599710115,177.723066037672,-255.569045723421));
#1358=CARTESIAN_POINT('',(-1.58714878094003,177.24556750012,-255.411739319298));
#1359=CARTESIAN_POINT('',(-1.63572956673151,176.824913031312,-255.174601454249));
#1360=CARTESIAN_POINT('',(-1.67063910247669,176.553792960411,-254.970935992924));
#1361=CARTESIAN_POINT('',(-1.70280686321526,176.337074494013,-254.760717600923));
#1362=CARTESIAN_POINT('',(-1.72328977271978,176.204286184833,-254.612644859353));
#1363=CARTESIAN_POINT('',(-1.76028617737935,175.96892466734,-254.306474600055));
#1364=CARTESIAN_POINT('',(-1.81468641487067,175.652355758974,-253.683776954666));
#1365=CARTESIAN_POINT('',(-1.84067795836297,175.544768156427,-253.022256658491));
#1366=CARTESIAN_POINT('',(-1.8293680397398,175.590926336914,-252.42160495173));
#1367=CARTESIAN_POINT('',(-1.83471267242692,175.569222389597,-252.852292099908));
#1368=CARTESIAN_POINT('',(-25.3402913745979,177.939686830967,-252.852350890886));
#1369=CARTESIAN_POINT('',(-25.263213402154,174.260022890506,-251.285783857076));
#1370=CARTESIAN_POINT('',(-25.263213402154,174.260022890506,-251.285783857076));
#1371=CARTESIAN_POINT('',(-25.419706762008,181.730937863336,-251.579515942516));
#1372=CARTESIAN_POINT('',(-25.419706762008,181.730937863336,-251.579515942516));
#1373=CARTESIAN_POINT('',(-25.0705184734935,165.060863039308,-247.369366272586));
#1374=CARTESIAN_POINT('',(-25.6182452329829,191.20906544422,-248.397428571586));
#1375=CARTESIAN_POINT('',(-2.14846201846531,175.828751834086,-250.282557209194));
#1376=CARTESIAN_POINT('',(-2.38977157445479,174.728821055342,-252.852476152311));
#1377=CARTESIAN_POINT('',(-2.1485823982876,175.828176907285,-255.421217257739));
#1378=CARTESIAN_POINT('',(-1.82969840884273,178.361160233187,-256.446128421092));
#1379=CARTESIAN_POINT('',(-1.83608452259915,180.932455475564,-255.42705750098));
#1380=CARTESIAN_POINT('',(-1.93977009201661,182.025958171043,-252.852250019231));
#1381=CARTESIAN_POINT('',(-1.83612208257085,180.932794206404,-250.27829348143));
#1382=CARTESIAN_POINT('',(-1.82963392946343,178.362318677912,-249.258638379175));
#1383=CARTESIAN_POINT('',(-2.14846201846531,175.828751834086,-250.282557209194));
#1384=CARTESIAN_POINT('',(-2.38977157445479,174.728821055342,-252.852476152311));
#1385=CARTESIAN_POINT('',(-2.1485823982876,175.828176907285,-255.421217257739));
#1386=CARTESIAN_POINT('',(-2.00263148607508,175.937197889951,-250.42570673697));
#1387=CARTESIAN_POINT('',(-2.22536773080126,174.911516164366,-252.852471631885));
#1388=CARTESIAN_POINT('',(-2.00274341195511,175.936657540271,-255.278110319422));
#1389=CARTESIAN_POINT('',(-1.70157397840066,178.35371893116,-256.276967473331));
#1390=CARTESIAN_POINT('',(-1.70095846412223,180.818151319023,-255.298789210387));
#1391=CARTESIAN_POINT('',(-1.79310172427524,181.85115452275,-252.852253952862));
#1392=CARTESIAN_POINT('',(-1.70099222844864,180.818472389564,-250.406533510163));
#1393=CARTESIAN_POINT('',(-1.70151123538009,178.354831212347,-249.427791833895));
#1394=CARTESIAN_POINT('',(-2.00263148607508,175.937197889951,-250.42570673697));
#1395=CARTESIAN_POINT('',(-2.22536773080126,174.911516164366,-252.852471631885));
#1396=CARTESIAN_POINT('',(-2.00274341195511,175.936657540271,-255.278110319422));
#1397=CARTESIAN_POINT('',(-1.85680095368485,176.045643945816,-250.568856264746));
#1398=CARTESIAN_POINT('',(-2.06096388714772,175.094211273391,-252.85246711146));
#1399=CARTESIAN_POINT('',(-1.85690442562263,176.045138173257,-255.135003381106));
#1400=CARTESIAN_POINT('',(-1.57344954795859,178.346277629132,-256.10780652557));
#1401=CARTESIAN_POINT('',(-1.56583240564531,180.703847162482,-255.170520919796));
#1402=CARTESIAN_POINT('',(-1.64643335653386,181.676350874456,-252.852257886492));
#1403=CARTESIAN_POINT('',(-1.56586237432644,180.704150572724,-250.534773538895));
#1404=CARTESIAN_POINT('',(-1.57338854129675,178.347343746781,-249.596945288616));
#1405=CARTESIAN_POINT('',(-1.85680095368485,176.045643945816,-250.568856264746));
#1406=CARTESIAN_POINT('',(-2.06096388714772,175.094211273391,-252.85246711146));
#1407=CARTESIAN_POINT('',(-1.85690442562263,176.045138173257,-255.135003381106));
#1408=CARTESIAN_POINT('',(-1.71097042129463,176.154090001681,-250.712005792522));
#1409=CARTESIAN_POINT('',(-1.89656004349419,175.276906382415,-252.852462591035));
#1410=CARTESIAN_POINT('',(-1.71106543929014,176.153618806242,-254.991896442789));
#1411=CARTESIAN_POINT('',(-1.44532511751652,178.338836327105,-255.938645577809));
#1412=CARTESIAN_POINT('',(-1.43070634716838,180.589543005942,-255.042252629203));
#1413=CARTESIAN_POINT('',(-1.49976498879249,181.501547226162,-252.852261820123));
#1414=CARTESIAN_POINT('',(-1.43073252020423,180.589828755885,-250.663013567628));
#1415=CARTESIAN_POINT('',(-1.44526584721341,178.339856281215,-249.766098743336));
#1416=CARTESIAN_POINT('',(-1.71097042129463,176.154090001681,-250.712005792522));
#1417=CARTESIAN_POINT('',(-1.89656004349419,175.276906382415,-252.852462591035));
#1418=CARTESIAN_POINT('',(-1.71106543929014,176.153618806242,-254.991896442789));
#1419=CARTESIAN_POINT('',(-2.11158314363423,175.946476705503,-264.321161957415));
#1420=CARTESIAN_POINT('',(-2.44727183798264,174.458577122681,-261.612057717722));
#1421=CARTESIAN_POINT('',(-2.2363141084885,175.331327400037,-258.624813524939));
#1422=CARTESIAN_POINT('',(-1.83692030263346,178.018199564368,-257.151972297327));
#1423=CARTESIAN_POINT('',(-1.82185890145686,180.997311190762,-258.00404448122));
#1424=CARTESIAN_POINT('',(-1.98340653405152,182.492795495821,-260.72535176453));
#1425=CARTESIAN_POINT('',(-1.87521080712771,181.62091761682,-263.710388883306));
#1426=CARTESIAN_POINT('',(-1.78652466948604,178.894526627985,-265.187049482268));
#1427=CARTESIAN_POINT('',(-2.11158314363423,175.946476705503,-264.321161957415));
#1428=CARTESIAN_POINT('',(-2.44727183798264,174.458577122681,-261.612057717722));
#1429=CARTESIAN_POINT('',(-2.2363141084885,175.331327400037,-258.624813524939));
#1430=CARTESIAN_POINT('',(-1.96658866201172,176.021341305543,-264.190951978068));
#1431=CARTESIAN_POINT('',(-2.27910801230637,174.609663124084,-261.590127274717));
#1432=CARTESIAN_POINT('',(-2.08332656862397,175.434017020102,-258.737083049578));
#1433=CARTESIAN_POINT('',(-1.7064164689448,178.023017790786,-257.295706940659));
#1434=CARTESIAN_POINT('',(-1.68618151655111,180.912106144762,-258.123958793434));
#1435=CARTESIAN_POINT('',(-1.83260765676522,182.342306672488,-260.744492396918));
#1436=CARTESIAN_POINT('',(-1.734441903686,181.511302311754,-263.609172355312));
#1437=CARTESIAN_POINT('',(-1.6575244636711,178.87463787431,-265.045326703855));
#1438=CARTESIAN_POINT('',(-1.96658866201172,176.021341305543,-264.190951978068));
#1439=CARTESIAN_POINT('',(-2.27910801230637,174.609663124084,-261.590127274717));
#1440=CARTESIAN_POINT('',(-2.08332656862397,175.434017020102,-258.737083049578));
#1441=CARTESIAN_POINT('',(-1.82159418038922,176.096205905583,-264.06074199872));
#1442=CARTESIAN_POINT('',(-2.11094418663012,174.760749125488,-261.568196831711));
#1443=CARTESIAN_POINT('',(-1.93033902875945,175.536706640167,-258.849352574218));
#1444=CARTESIAN_POINT('',(-1.57591263525614,178.027836017205,-257.439441583992));
#1445=CARTESIAN_POINT('',(-1.55050413164536,180.826901098762,-258.243873105648));
#1446=CARTESIAN_POINT('',(-1.68180877947891,182.191817849156,-260.763633029306));
#1447=CARTESIAN_POINT('',(-1.59367300024429,181.401687006688,-263.507955827318));
#1448=CARTESIAN_POINT('',(-1.52852425785617,178.854749120635,-264.903603925442));
#1449=CARTESIAN_POINT('',(-1.82159418038922,176.096205905583,-264.06074199872));
#1450=CARTESIAN_POINT('',(-2.11094418663012,174.760749125488,-261.568196831711));
#1451=CARTESIAN_POINT('',(-1.93033902875945,175.536706640167,-258.849352574218));
#1452=CARTESIAN_POINT('',(-1.67659969876671,176.171070505623,-263.930532019373));
#1453=CARTESIAN_POINT('',(-1.94278036095385,174.911835126891,-261.546266388706));
#1454=CARTESIAN_POINT('',(-1.77735148889492,175.639396260232,-258.961622098858));
#1455=CARTESIAN_POINT('',(-1.44540880156747,178.032654243623,-257.583176227324));
#1456=CARTESIAN_POINT('',(-1.41482674673961,180.741696052762,-258.363787417862));
#1457=CARTESIAN_POINT('',(-1.53100990219261,182.041329025823,-260.782773661694));
#1458=CARTESIAN_POINT('',(-1.45290409680258,181.292071701622,-263.406739299323));
#1459=CARTESIAN_POINT('',(-1.39952405204123,178.83486036696,-264.761881147029));
#1460=CARTESIAN_POINT('',(-1.67659969876671,176.171070505623,-263.930532019373));
#1461=CARTESIAN_POINT('',(-1.94278036095385,174.911835126891,-261.546266388706));
#1462=CARTESIAN_POINT('',(-1.77735148889492,175.639396260232,-258.961622098858));
#1463=CARTESIAN_POINT('',(-1.56439086453282,177.344920182122,-264.21167997701));
#1464=CARTESIAN_POINT('',(-1.56439086453284,177.833579091885,-264.444094559588));
#1465=CARTESIAN_POINT('',(-1.56439086453289,178.917337783623,-264.653621233604));
#1466=CARTESIAN_POINT('',(-1.56439086453297,180.478915070225,-264.045155110784));
#1467=CARTESIAN_POINT('',(-1.56439086453304,181.533208041903,-262.774785740802));
#1468=CARTESIAN_POINT('',(-1.56439086453307,181.900627265073,-261.160219241502));
#1469=CARTESIAN_POINT('',(-1.5643908645331,181.526703494324,-259.557492908156));
#1470=CARTESIAN_POINT('',(-1.56439086453297,180.481723651252,-258.2806527554));
#1471=CARTESIAN_POINT('',(-1.56439086453325,178.912972529198,-257.690245077455));
#1472=CARTESIAN_POINT('',(-1.56439086453301,177.82513713217,-257.886533041295));
#1473=CARTESIAN_POINT('',(-1.56439086453298,177.337844699379,-258.123359195399));
#1474=CARTESIAN_POINT('',(-1.56625408448684,177.344152581529,-264.213293881201));
#1475=CARTESIAN_POINT('',(-1.56508526638294,177.337264689834,-258.122165770361));
#1476=CARTESIAN_POINT('',(-1.56647407008303,177.337040322189,-258.121541163621));
#1477=CARTESIAN_POINT('',(-1.63303951605803,176.715361177423,-258.353151578369));
#1478=CARTESIAN_POINT('',(-1.7874898375385,175.640325616129,-259.189409746419));
#1479=CARTESIAN_POINT('',(-1.92283883819645,175.012007997997,-261.168342684986));
#1480=CARTESIAN_POINT('',(-1.79077636954626,175.641627113195,-263.147786560493));
#1481=CARTESIAN_POINT('',(-1.63024959655404,176.721128387931,-263.9846377531));
#1482=CARTESIAN_POINT('',(-1.56810885027907,177.343694682052,-264.215031469006));
#1483=CARTESIAN_POINT('',(-0.655989280652145,178.471663828528,-261.167050890886));
#1484=CARTESIAN_POINT('',(-1.56439086453291,178.471663828528,-261.167050890886));
#1485=CARTESIAN_POINT('',(-1.56439086453306,181.644171757974,-261.167050890885));
#1486=CARTESIAN_POINT('',(-2.06439086453291,178.471663828528,-261.167050890886));
#1487=CARTESIAN_POINT('',(-2.06439086453277,175.487303766718,-261.167050890886));
#1488=CARTESIAN_POINT('',(0.535609135466932,180.317249544293,-261.294774677873));
#1489=CARTESIAN_POINT('',(0.535609135466883,180.398207974608,-261.686496176595));
#1490=CARTESIAN_POINT('',(-0.564390864532998,180.398207974608,-261.686496176595));
#1491=CARTESIAN_POINT('',(-1.83076233526078,180.398207974608,-261.686496176595));
#1492=CARTESIAN_POINT('',(-0.564390864532999,180.317249544293,-261.294774677873));
#1493=CARTESIAN_POINT('',(-0.564390864533011,180.451395950007,-260.917939512537));
#1494=CARTESIAN_POINT('',(0.535609135466981,180.451395950007,-260.917939512537));
#1495=CARTESIAN_POINT('',(-1.83076233526083,180.451395950007,-260.917939512537));
#1496=CARTESIAN_POINT('',(-1.83076233526095,180.398207974608,-261.686496176595));
#1497=CARTESIAN_POINT('',(-1.91459747215127,180.557475287711,-261.653579852851));
#1498=CARTESIAN_POINT('',(-2.04093727484121,180.851337206237,-261.333647506203));
#1499=CARTESIAN_POINT('',(-1.91467906892431,180.604759856617,-260.972534249787));
#1500=CARTESIAN_POINT('',(-1.83076233526085,180.451395950007,-260.917939512537));
#1501=CARTESIAN_POINT('',(-2.06439086453299,178.471663828527,-261.167050890886));
#1502=CARTESIAN_POINT('',(-2.06439086453291,178.471663828527,-261.167050890886));
#1503=CARTESIAN_POINT('',(-2.0643908645328,176.071663828527,-261.167050890886));
#1504=CARTESIAN_POINT('',(-1.83076233526073,177.958244568786,-259.238892076013));
#1505=CARTESIAN_POINT('',(-1.91459731892545,177.850104737321,-259.117420920759));
#1506=CARTESIAN_POINT('',(-2.04093643498955,177.426105638706,-259.022895951304));
#1507=CARTESIAN_POINT('',(-1.91468089835075,177.236658820863,-259.416990371825));
#1508=CARTESIAN_POINT('',(-1.83076233526082,177.266060985764,-259.577108270171));
#1509=CARTESIAN_POINT('',(-1.83076233526067,177.958244568786,-259.238892076013));
#1510=CARTESIAN_POINT('',(-1.83076233526081,177.266060985764,-259.577108270171));
#1511=CARTESIAN_POINT('',(-1.83076233526081,177.266060985765,-259.577108270171));
#1512=CARTESIAN_POINT('',(-1.71498556970726,177.306625164025,-259.798012104735));
#1513=CARTESIAN_POINT('',(-1.51894084466471,177.212661434673,-260.317216307949));
#1514=CARTESIAN_POINT('',(-1.71491171917765,176.76520897948,-260.602118992685));
#1515=CARTESIAN_POINT('',(-1.83076233526079,176.545119682446,-260.647605605177));
#1516=CARTESIAN_POINT('',(-1.8307623352606,176.545119682446,-260.647605605178));
#1517=CARTESIAN_POINT('',(-1.83076233526075,176.545119682446,-260.647605605177));
#1518=CARTESIAN_POINT('',(-1.9145974721511,176.385852369343,-260.680521928921));
#1519=CARTESIAN_POINT('',(-2.04093727484094,176.091990450817,-261.000454275569));
#1520=CARTESIAN_POINT('',(-1.91467906892419,176.338567800437,-261.361567531985));
#1521=CARTESIAN_POINT('',(-1.83076233526088,176.491931707046,-261.416162269235));
#1522=CARTESIAN_POINT('',(-1.83076233526085,176.491931707047,-261.416162269235));
#1523=CARTESIAN_POINT('',(-1.83076233526093,176.491931707046,-261.416162269235));
#1524=CARTESIAN_POINT('',(-1.71498692539761,176.703519651081,-261.491483695673));
#1525=CARTESIAN_POINT('',(-1.51893998995267,177.106184852686,-261.832460158178));
#1526=CARTESIAN_POINT('',(-1.7149120758358,177.129190811244,-262.36241884828));
#1527=CARTESIAN_POINT('',(-1.83076233526084,177.058538942187,-262.57576442005));
#1528=CARTESIAN_POINT('',(-1.83076233526078,177.058538942187,-262.57576442005));
#1529=CARTESIAN_POINT('',(-1.83076233526082,177.058538942187,-262.57576442005));
#1530=CARTESIAN_POINT('',(-1.91459515197608,177.007413073167,-262.730147848313));
#1531=CARTESIAN_POINT('',(-2.0409374562785,177.137549138703,-263.144609848196));
#1532=CARTESIAN_POINT('',(-1.91468102115248,177.573569283288,-263.111627015269));
#1533=CARTESIAN_POINT('',(-1.83076233526085,177.697534549809,-263.006104889951));
#1534=CARTESIAN_POINT('',(-1.83076233526077,177.697534549809,-263.006104889951));
#1535=CARTESIAN_POINT('',(-1.83076233526098,177.697534549809,-263.006104889951));
#1536=CARTESIAN_POINT('',(-1.7149855480655,177.868560825175,-262.860523336598));
#1537=CARTESIAN_POINT('',(-1.5189408512426,178.365186700874,-262.682296248726));
#1538=CARTESIAN_POINT('',(-1.71491172760669,178.835645888674,-262.927350101885));
#1539=CARTESIAN_POINT('',(-1.83076233526089,178.985083088268,-263.095209705759));
#1540=CARTESIAN_POINT('',(-1.83076233526076,178.985083088268,-263.095209705759));
#1541=CARTESIAN_POINT('',(-1.83076233526096,178.985083088268,-263.095209705759));
#1542=CARTESIAN_POINT('',(-1.91459731892555,179.093222919733,-263.216680861013));
#1543=CARTESIAN_POINT('',(-2.0409364349896,179.517222018348,-263.311205830468));
#1544=CARTESIAN_POINT('',(-1.91468089835077,179.70666883619,-262.917111409947));
#1545=CARTESIAN_POINT('',(-1.8307623352608,179.677266671289,-262.756993511601));
#1546=CARTESIAN_POINT('',(-1.83076233526098,179.67726667129,-262.756993511601));
#1547=CARTESIAN_POINT('',(-1.83076233526082,179.677266671289,-262.756993511601));
#1548=CARTESIAN_POINT('',(-1.7149855697072,179.636702493029,-262.536089677036));
#1549=CARTESIAN_POINT('',(-1.51894084466424,179.730666222381,-262.016885473822));
#1550=CARTESIAN_POINT('',(-1.71491171917764,180.178118677574,-261.731982789086));
#1551=CARTESIAN_POINT('',(-1.83076233526084,180.398207974608,-261.686496176594));
#1552=CARTESIAN_POINT('',(-1.83076233526089,180.451395950007,-260.917939512537));
#1553=CARTESIAN_POINT('',(-1.7149869253975,180.239808005973,-260.8426180861));
#1554=CARTESIAN_POINT('',(-1.51893998995235,179.837142804367,-260.501641623594));
#1555=CARTESIAN_POINT('',(-1.71491207583584,179.81413684581,-259.971682933491));
#1556=CARTESIAN_POINT('',(-1.83076233526087,179.884788714867,-259.758337361722));
#1557=CARTESIAN_POINT('',(-1.83076233526087,179.884788714867,-259.758337361722));
#1558=CARTESIAN_POINT('',(-1.83076233526082,179.884788714867,-259.758337361722));
#1559=CARTESIAN_POINT('',(-1.91459515197618,179.935914583887,-259.603953933459));
#1560=CARTESIAN_POINT('',(-2.04093745627869,179.805778518351,-259.189491933575));
#1561=CARTESIAN_POINT('',(-1.91468102115256,179.369758373766,-259.222474766503));
#1562=CARTESIAN_POINT('',(-1.83076233526101,179.245793107245,-259.327996891821));
#1563=CARTESIAN_POINT('',(-1.83076233526101,179.245793107245,-259.327996891821));
#1564=CARTESIAN_POINT('',(-1.83076233526092,179.245793107245,-259.327996891821));
#1565=CARTESIAN_POINT('',(-1.71498554806544,179.074766831879,-259.473578445174));
#1566=CARTESIAN_POINT('',(-1.51894085124245,178.57814095618,-259.651805533046));
#1567=CARTESIAN_POINT('',(-1.71491172760657,178.107681768381,-259.406751679887));
#1568=CARTESIAN_POINT('',(-1.83076233526077,177.958244568786,-259.238892076013));
#1569=CARTESIAN_POINT('',(0.535609135466913,179.505068730608,-259.632588669664));
#1570=CARTESIAN_POINT('',(0.5356091354668,179.884788714867,-259.758337361722));
#1571=CARTESIAN_POINT('',(-0.564390864532999,179.884788714867,-259.758337361722));
#1572=CARTESIAN_POINT('',(-0.564390864532982,179.505068730608,-259.632588669665));
#1573=CARTESIAN_POINT('',(-0.564390864532974,179.245793107245,-259.327996891821));
#1574=CARTESIAN_POINT('',(0.535609135467044,179.245793107245,-259.327996891821));
#1575=CARTESIAN_POINT('',(0.5356091354669,177.659483014842,-259.504864882678));
#1576=CARTESIAN_POINT('',(0.535609135466999,177.958244568786,-259.238892076013));
#1577=CARTESIAN_POINT('',(-0.564390864532913,177.958244568786,-259.238892076013));
#1578=CARTESIAN_POINT('',(-0.564390864532895,177.659483014842,-259.504864882678));
#1579=CARTESIAN_POINT('',(-0.564390864532875,177.266060985764,-259.577108270171));
#1580=CARTESIAN_POINT('',(0.535609135467012,177.266060985765,-259.57710827017));
#1581=CARTESIAN_POINT('',(0.535609135466915,177.438258926446,-262.701513112107));
#1582=CARTESIAN_POINT('',(0.535609135467001,177.058538942187,-262.57576442005));
#1583=CARTESIAN_POINT('',(-0.564390864532824,177.058538942187,-262.57576442005));
#1584=CARTESIAN_POINT('',(-0.564390864532841,177.438258926446,-262.701513112107));
#1585=CARTESIAN_POINT('',(-0.564390864532849,177.697534549809,-263.006104889951));
#1586=CARTESIAN_POINT('',(0.535609135467071,177.697534549809,-263.006104889951));
#1587=CARTESIAN_POINT('',(0.535609135467011,179.283844642212,-262.829236899094));
#1588=CARTESIAN_POINT('',(0.535609135467049,178.985083088268,-263.095209705759));
#1589=CARTESIAN_POINT('',(-0.56439086453291,178.985083088268,-263.095209705759));
#1590=CARTESIAN_POINT('',(-0.564390864532928,179.283844642212,-262.829236899094));
#1591=CARTESIAN_POINT('',(-0.564390864532948,179.677266671289,-262.756993511601));
#1592=CARTESIAN_POINT('',(0.535609135467078,179.67726667129,-262.756993511601));
#1593=CARTESIAN_POINT('',(-0.564390864532901,178.249117757971,-261.167050890886));
#1594=CARTESIAN_POINT('',(-0.564390864532994,180.585001817147,-262.590307721188));
#1595=CARTESIAN_POINT('',(-0.564390864532869,178.295756251686,-263.708883690965));
#1596=CARTESIAN_POINT('',(-0.564390864532786,176.182418263065,-262.285626860663));
#1597=CARTESIAN_POINT('',(-0.564390864532812,176.491931707047,-261.416162269235));
#1598=CARTESIAN_POINT('',(-0.564390864532824,176.626078112762,-261.039327103899));
#1599=CARTESIAN_POINT('',(-0.564390864532826,176.545119682446,-260.647605605177));
#1600=CARTESIAN_POINT('',(-0.564390864532829,176.358325839907,-259.743794060584));
#1601=CARTESIAN_POINT('',(-0.564390864532955,178.647571405368,-258.625218090807));
#1602=CARTESIAN_POINT('',(-0.564390864533037,180.760909393988,-260.048474921109));
#1603=CARTESIAN_POINT('',(-1.5643908645329,178.249117757971,-261.167050890886));
#1604=CARTESIAN_POINT('',(-1.5643908645329,178.471663828527,-261.167050890886));
#1605=CARTESIAN_POINT('',(-2.5643908645329,178.471663828527,-261.167050890886));
#1606=CARTESIAN_POINT('',(0.535609135466879,180.760909393988,-260.048474921109));
#1607=CARTESIAN_POINT('',(0.535609135466912,180.585001817147,-262.590307721188));
#1608=CARTESIAN_POINT('',(0.535609135466913,178.647571405369,-258.625218090807));
#1609=CARTESIAN_POINT('',(0.535609135467053,176.358325839907,-259.743794060584));
#1610=CARTESIAN_POINT('',(0.535609135467204,176.545119682446,-260.647605605177));
#1611=CARTESIAN_POINT('',(0.535609135466989,176.626078112762,-261.039327103899));
#1612=CARTESIAN_POINT('',(0.535609135467207,176.491931707047,-261.416162269235));
#1613=CARTESIAN_POINT('',(0.535609135467197,176.182418263066,-262.285626860663));
#1614=CARTESIAN_POINT('',(0.535609135467146,178.295756251686,-263.708883690965));
#1615=CARTESIAN_POINT('',(-2.06439086453291,178.471663828528,-261.167050890886));
#1616=MECHANICAL_DESIGN_GEOMETRIC_PRESENTATION_REPRESENTATION('',(#684),
#1617);
#1617=(
GEOMETRIC_REPRESENTATION_CONTEXT(3)
GLOBAL_UNCERTAINTY_ASSIGNED_CONTEXT((#1618))
GLOBAL_UNIT_ASSIGNED_CONTEXT((#1621,#1620,#1619))
REPRESENTATION_CONTEXT('Î÷π«π«∏…-◊Ó∂Ã','TOP_LEVEL_ASSEMBLY_PART')
);
#1618=UNCERTAINTY_MEASURE_WITH_UNIT(LENGTH_MEASURE(0.005),#1621,
'DISTANCE_ACCURACY_VALUE','Maximum Tolerance applied to model');
#1619=(
NAMED_UNIT(*)
SI_UNIT($,.STERADIAN.)
SOLID_ANGLE_UNIT()
);
#1620=(
NAMED_UNIT(*)
PLANE_ANGLE_UNIT()
SI_UNIT($,.RADIAN.)
);
#1621=(
LENGTH_UNIT()
NAMED_UNIT(*)
SI_UNIT(.MILLI.,.METRE.)
);
#1622=PRODUCT_DEFINITION_SHAPE('','',#1623);
#1623=PRODUCT_DEFINITION('','',#1625,#1624);
#1624=PRODUCT_DEFINITION_CONTEXT('',#1631,'design');
#1625=PRODUCT_DEFINITION_FORMATION_WITH_SPECIFIED_SOURCE('','',#1627,
 .NOT_KNOWN.);
#1626=PRODUCT_RELATED_PRODUCT_CATEGORY('','',(#1627));
#1627=PRODUCT('Î÷π«π«∏…-◊Ó∂Ã','Î÷π«π«∏…-◊Ó∂Ã','Î÷π«π«∏…-◊Ó∂Ã',(#1629));
#1628=PRODUCT_CATEGORY('','');
#1629=PRODUCT_CONTEXT('',#1631,'mechanical');
#1630=APPLICATION_PROTOCOL_DEFINITION('international standard',
'automotive_design',2010,#1631);
#1631=APPLICATION_CONTEXT(
'core data for automotive mechanical design processes');
ENDSEC;
END-ISO-10303-21;
